[
  {
    "artistName": "Parry G",
    "segment": "Previously Active Listeners"
  },
  {
    "artistName": "Akhil Sachdeva",
    "segment": "Previously Active Listeners"
  },
  {
    "artistName": "Suzanne D'Mello",
    "segment": "Previously Active Listeners"
  },
  {
    "artistName": "Jaani",
    "segment": "Previously Active Listeners"
  },
  {
    "artistName": "Asha Bhosle",
    "segment": "Previously Active Listeners"
  },
  {
    "artistName": "Jigar Thakor",
    "segment": "Previously Active Listeners"
  },
  {
    "artistName": "Atif Aslam",
    "segment": "Light listeners"
  },
  {
    "artistName": "Amaal Mallik",
    "segment": "Previously Active Listeners"
  },
  {
    "artistName": "Chandrakala Singh",
    "segment": "Previously Active Listeners"
  },
  {
    "artistName": "Panjabi MC",
    "segment": "Previously Active Listeners"
  },
  {
    "artistName": "Foreigner",
    "segment": "Previously Active Listeners"
  },
  {
    "artistName": "Diljit Dosanjh",
    "segment": "Previously Active Listeners"
  },
  {
    "artistName": "Shae Gill",
    "segment": "Previously Active Listeners"
  },
  {
    "artistName": "Naresh Iyer",
    "segment": "Previously Active Listeners"
  },
  {
    "artistName": "Javed Akhtar",
    "segment": "Previously Active Listeners"
  },
  {
    "artistName": "Kanchan",
    "segment": "Previously Active Listeners"
  },
  {
    "artistName": "Shinda Kahlon",
    "segment": "Previously Active Listeners"
  },
  {
    "artistName": "TUSHAR JOSHI",
    "segment": "Previously Active Listeners"
  },
  {
    "artistName": "Yazin Nizar",
    "segment": "Previously Active Listeners"
  },
  {
    "artistName": "Krsna Solo",
    "segment": "Previously Active Listeners"
  },
  {
    "artistName": "Sohail Sen",
    "segment": "Previously Active Listeners"
  },
  {
    "artistName": "Sajjad Hussain",
    "segment": "Previously Active Listeners"
  },
  {
    "artistName": "Amjad Sabri",
    "segment": "Previously Active Listeners"
  },
  {
    "artistName": "DIVINE",
    "segment": "Previously Active Listeners"
  },
  {
    "artistName": "Shadab Faridi",
    "segment": "Previously Active Listeners"
  },
  {
    "artistName": "Ravindra Jain",
    "segment": "Previously Active Listeners"
  },
  {
    "artistName": "Sabri Brothers",
    "segment": "Previously Active Listeners"
  },
  {
    "artistName": "Neeti Mohan",
    "segment": "Previously Active Listeners"
  },
  {
    "artistName": "Mithoon",
    "segment": "Previously Active Listeners"
  },
  {
    "artistName": "The Red Army Choir",
    "segment": "Previously Active Listeners"
  },
  {
    "artistName": "Shankar",
    "segment": "Previously Active Listeners"
  },
  {
    "artistName": "Labh Janjua",
    "segment": "Previously Active Listeners"
  },
  {
    "artistName": "Mano",
    "segment": "Previously Active Listeners"
  },
  {
    "artistName": "Sanah Moidutty",
    "segment": "Previously Active Listeners"
  },
  {
    "artistName": "Tanishk Bagchi",
    "segment": "Previously Active Listeners"
  },
  {
    "artistName": "Eva B",
    "segment": "Previously Active Listeners"
  },
  {
    "artistName": "Anirudh Ravichander",
    "segment": "Previously Active Listeners"
  },
  {
    "artistName": "Anmol Malik",
    "segment": "Previously Active Listeners"
  },
  {
    "artistName": "Yasser Desai",
    "segment": "Previously Active Listeners"
  },
  {
    "artistName": "Tanvi Shah",
    "segment": "Previously Active Listeners"
  },
  {
    "artistName": "S. P. Balasubrahmanyam",
    "segment": "Previously Active Listeners"
  },
  {
    "artistName": "Sonu Kakkar",
    "segment": "Previously Active Listeners"
  },
  {
    "artistName": "Arijit Singh",
    "segment": "Previously Active Listeners"
  },
  {
    "artistName": "Dominique Cerejo",
    "segment": "Previously Active Listeners"
  },
  {
    "artistName": "M. M. Keeravaani",
    "segment": "Moderate listeners"
  },
  {
    "artistName": "Alisha Chinai",
    "segment": "Previously Active Listeners"
  },
  {
    "artistName": "Tochi Raina",
    "segment": "Previously Active Listeners"
  },
  {
    "artistName": "Rizwan",
    "segment": "Previously Active Listeners"
  },
  {
    "artistName": "Suraj Jagan",
    "segment": "Previously Active Listeners"
  },
  {
    "artistName": "Romy",
    "segment": "Previously Active Listeners"
  },
  {
    "artistName": "Taylor Swift",
    "segment": "Previously Active Listeners"
  },
  {
    "artistName": "Ali Brothers",
    "segment": "Previously Active Listeners"
  },
  {
    "artistName": "Sajid",
    "segment": "Previously Active Listeners"
  },
  {
    "artistName": "Pawan Singh",
    "segment": "Previously Active Listeners"
  },
  {
    "artistName": "Pardeep Sran",
    "segment": "Previously Active Listeners"
  },
  {
    "artistName": "Arun Ingle",
    "segment": "Previously Active Listeners"
  },
  {
    "artistName": "Aqua",
    "segment": "Previously Active Listeners"
  },
  {
    "artistName": "Wajid",
    "segment": "Previously Active Listeners"
  },
  {
    "artistName": "EA Games Soundtrack",
    "segment": "Previously Active Listeners"
  },
  {
    "artistName": "Natasha Baig",
    "segment": "Previously Active Listeners"
  },
  {
    "artistName": "Yusuf Mohammed",
    "segment": "Previously Active Listeners"
  },
  {
    "artistName": "Mohd. Hussain",
    "segment": "Previously Active Listeners"
  },
  {
    "artistName": "Shruti Pathak",
    "segment": "Previously Active Listeners"
  },
  {
    "artistName": "DJ Khushi",
    "segment": "Previously Active Listeners"
  },
  {
    "artistName": "Renuka Panwar",
    "segment": "Previously Active Listeners"
  },
  {
    "artistName": "Sachin Gupta",
    "segment": "Previously Active Listeners"
  },
  {
    "artistName": "Bali Brahmbhatt",
    "segment": "Previously Active Listeners"
  },
  {
    "artistName": "Vishal Chandrashekhar",
    "segment": "Previously Active Listeners"
  },
  {
    "artistName": "Satish Chakravarthy",
    "segment": "Previously Active Listeners"
  },
  {
    "artistName": "Akon",
    "segment": "Previously Active Listeners"
  },
  {
    "artistName": "Babul Supriyo",
    "segment": "Previously Active Listeners"
  },
  {
    "artistName": "Mohammed Aziz",
    "segment": "Previously Active Listeners"
  },
  {
    "artistName": "Sneha Khanwalkar",
    "segment": "Previously Active Listeners"
  },
  {
    "artistName": "Naresh",
    "segment": "Previously Active Listeners"
  },
  {
    "artistName": "S. D. Burman",
    "segment": "Previously Active Listeners"
  },
  {
    "artistName": "Marianne",
    "segment": "Previously Active Listeners"
  },
  {
    "artistName": "Kishore Kumar",
    "segment": "Previously Active Listeners"
  },
  {
    "artistName": "Benny Dayal",
    "segment": "Previously Active Listeners"
  },
  {
    "artistName": "Lucky Ali",
    "segment": "Previously Active Listeners"
  },
  {
    "artistName": "Talat Mahmood",
    "segment": "Previously Active Listeners"
  },
  {
    "artistName": "Paresh Kamath",
    "segment": "Previously Active Listeners"
  },
  {
    "artistName": "Amitabh Bachchan",
    "segment": "Previously Active Listeners"
  },
  {
    "artistName": "Udbhav",
    "segment": "Previously Active Listeners"
  },
  {
    "artistName": "Sona Mohapatra",
    "segment": "Previously Active Listeners"
  },
  {
    "artistName": "Sukhbir",
    "segment": "Previously Active Listeners"
  },
  {
    "artistName": "Nitin Raikar",
    "segment": "Previously Active Listeners"
  },
  {
    "artistName": "Shahbaz Fayaz qawal",
    "segment": "Previously Active Listeners"
  },
  {
    "artistName": "Gowri Jayakumar",
    "segment": "Previously Active Listeners"
  },
  {
    "artistName": "Vaishali Made",
    "segment": "Previously Active Listeners"
  },
  {
    "artistName": "Altaf Raja",
    "segment": "Previously Active Listeners"
  },
  {
    "artistName": "Ronkini Gupta",
    "segment": "Previously Active Listeners"
  },
  {
    "artistName": "Yo Yo Honey Singh",
    "segment": "Previously Active Listeners"
  },
  {
    "artistName": "Loy Mendonsa",
    "segment": "Previously Active Listeners"
  },
  {
    "artistName": "Bhupinder Singh",
    "segment": "Light listeners"
  },
  {
    "artistName": "Rakesh Pandit",
    "segment": "Previously Active Listeners"
  },
  {
    "artistName": "Archana Gore",
    "segment": "Previously Active Listeners"
  },
  {
    "artistName": "Vajid Ali",
    "segment": "Previously Active Listeners"
  },
  {
    "artistName": "Lata Mangeshkar",
    "segment": "Light listeners"
  },
  {
    "artistName": "Nayyara Noor",
    "segment": "Previously Active Listeners"
  },
  {
    "artistName": "Chinmayi",
    "segment": "Previously Active Listeners"
  },
  {
    "artistName": "Zeenat Aman",
    "segment": "Previously Active Listeners"
  },
  {
    "artistName": "Roshni Saha",
    "segment": "Previously Active Listeners"
  },
  {
    "artistName": "Neelesh Misra",
    "segment": "Moderate listeners"
  },
  {
    "artistName": "Mahendra Kapoor",
    "segment": "Previously Active Listeners"
  },
  {
    "artistName": "Snehal Bhatkar",
    "segment": "Previously Active Listeners"
  },
  {
    "artistName": "Soham Chakraborty",
    "segment": "Previously Active Listeners"
  },
  {
    "artistName": "Saloni Thakur",
    "segment": "Previously Active Listeners"
  },
  {
    "artistName": "Khayyam",
    "segment": "Previously Active Listeners"
  },
  {
    "artistName": "Hemlata",
    "segment": "Previously Active Listeners"
  },
  {
    "artistName": "Aaman Trikha",
    "segment": "Previously Active Listeners"
  },
  {
    "artistName": "Raju Singh",
    "segment": "Previously Active Listeners"
  },
  {
    "artistName": "Pooja AV",
    "segment": "Previously Active Listeners"
  },
  {
    "artistName": "Loy",
    "segment": "Previously Active Listeners"
  },
  {
    "artistName": "N. Dutta",
    "segment": "Previously Active Listeners"
  },
  {
    "artistName": "C. Ramchandra",
    "segment": "Previously Active Listeners"
  },
  {
    "artistName": "Lalit Pandit",
    "segment": "Previously Active Listeners"
  },
  {
    "artistName": "Tejaswini",
    "segment": "Previously Active Listeners"
  },
  {
    "artistName": "Kaifi Khalil",
    "segment": "Previously Active Listeners"
  },
  {
    "artistName": "Himesh Reshammiya",
    "segment": "Light listeners"
  },
  {
    "artistName": "Millind Gaba",
    "segment": "Previously Active Listeners"
  },
  {
    "artistName": "Kalpana",
    "segment": "Previously Active Listeners"
  },
  {
    "artistName": "Ramin Djawadi",
    "segment": "Previously Active Listeners"
  },
  {
    "artistName": "Kumar Sanu",
    "segment": "Previously Active Listeners"
  },
  {
    "artistName": "Band Master Rangeela",
    "segment": "Previously Active Listeners"
  },
  {
    "artistName": "Feroze Nizami",
    "segment": "Previously Active Listeners"
  },
  {
    "artistName": "Sandeep Shrivastava",
    "segment": "Previously Active Listeners"
  },
  {
    "artistName": "Aziz Nazan Qawwal",
    "segment": "Previously Active Listeners"
  },
  {
    "artistName": "Irshad Kamil",
    "segment": "Previously Active Listeners"
  },
  {
    "artistName": "Fareed Ayaz Abu Muhammad Qawwal",
    "segment": "Previously Active Listeners"
  },
  {
    "artistName": "Shazneen Arethna",
    "segment": "Previously Active Listeners"
  },
  {
    "artistName": "Vismay Patel",
    "segment": "Previously Active Listeners"
  },
  {
    "artistName": "Rucha",
    "segment": "Previously Active Listeners"
  },
  {
    "artistName": "Sulochana Kadam",
    "segment": "Previously Active Listeners"
  },
  {
    "artistName": "Ishaan",
    "segment": "Previously Active Listeners"
  },
  {
    "artistName": "Udit Narayan",
    "segment": "Moderate listeners"
  },
  {
    "artistName": "Ram Sampath",
    "segment": "Previously Active Listeners"
  },
  {
    "artistName": "Zeb Bangash",
    "segment": "Previously Active Listeners"
  },
  {
    "artistName": "Gurinder Gill",
    "segment": "Previously Active Listeners"
  },
  {
    "artistName": "Monty Sharma",
    "segment": "Previously Active Listeners"
  },
  {
    "artistName": "Juhi Chawla",
    "segment": "Previously Active Listeners"
  },
  {
    "artistName": "Amit Kumar",
    "segment": "Previously Active Listeners"
  },
  {
    "artistName": "Kalyanji Virji Shah",
    "segment": "Previously Active Listeners"
  },
  {
    "artistName": "Sonik Omi",
    "segment": "Previously Active Listeners"
  },
  {
    "artistName": "Sushma Shrestha",
    "segment": "Previously Active Listeners"
  },
  {
    "artistName": "Mame Khan",
    "segment": "Previously Active Listeners"
  },
  {
    "artistName": "Chirantan Bhatt",
    "segment": "Previously Active Listeners"
  },
  {
    "artistName": "Shiv Hari",
    "segment": "Previously Active Listeners"
  },
  {
    "artistName": "Mamta Sharma",
    "segment": "Previously Active Listeners"
  },
  {
    "artistName": "Ali Zafar",
    "segment": "Previously Active Listeners"
  },
  {
    "artistName": "Ahmed Hussain",
    "segment": "Previously Active Listeners"
  },
  {
    "artistName": "Dhanush",
    "segment": "Previously Active Listeners"
  },
  {
    "artistName": "Ritu Pathak",
    "segment": "Previously Active Listeners"
  },
  {
    "artistName": "Lou Reed",
    "segment": "Previously Active Listeners"
  },
  {
    "artistName": "Ritesh Pandey",
    "segment": "Previously Active Listeners"
  },
  {
    "artistName": "Rajkamal",
    "segment": "Previously Active Listeners"
  },
  {
    "artistName": "Kailasa",
    "segment": "Previously Active Listeners"
  },
  {
    "artistName": "AP Dhillon",
    "segment": "Previously Active Listeners"
  },
  {
    "artistName": "Akriti Kakar",
    "segment": "Previously Active Listeners"
  },
  {
    "artistName": "Manoj Bajpayee",
    "segment": "Previously Active Listeners"
  },
  {
    "artistName": "Viju Shah",
    "segment": "Previously Active Listeners"
  },
  {
    "artistName": "Anupam Amod",
    "segment": "Previously Active Listeners"
  },
  {
    "artistName": "Vishal-Shekhar",
    "segment": "Previously Active Listeners"
  },
  {
    "artistName": "Rashmi Virag",
    "segment": "Previously Active Listeners"
  },
  {
    "artistName": "G.D. Kaur",
    "segment": "Previously Active Listeners"
  },
  {
    "artistName": "Aakanksha Sharma",
    "segment": "Previously Active Listeners"
  },
  {
    "artistName": "KIRTI SAGATHIA",
    "segment": "Previously Active Listeners"
  },
  {
    "artistName": "Javed Hussain",
    "segment": "Previously Active Listeners"
  },
  {
    "artistName": "Salil Chowdhury",
    "segment": "Previously Active Listeners"
  },
  {
    "artistName": "Ravindra Upadhyay",
    "segment": "Previously Active Listeners"
  },
  {
    "artistName": "Rahgir",
    "segment": "Previously Active Listeners"
  },
  {
    "artistName": "Suzi Q",
    "segment": "Previously Active Listeners"
  },
  {
    "artistName": "Alok Kumar",
    "segment": "Previously Active Listeners"
  },
  {
    "artistName": "Aditi Bhavaraju",
    "segment": "Previously Active Listeners"
  },
  {
    "artistName": "Music Mg",
    "segment": "Previously Active Listeners"
  },
  {
    "artistName": "Antara Mitra",
    "segment": "Previously Active Listeners"
  },
  {
    "artistName": "Sunidhi Chauhan",
    "segment": "Previously Active Listeners"
  },
  {
    "artistName": "Shah Rukh Khan",
    "segment": "Previously Active Listeners"
  },
  {
    "artistName": "IJA",
    "segment": "Previously Active Listeners"
  },
  {
    "artistName": "Guru Randhawa",
    "segment": "Previously Active Listeners"
  },
  {
    "artistName": "Roop Kumar Rathod",
    "segment": "Previously Active Listeners"
  },
  {
    "artistName": "Rajesh Roshan",
    "segment": "Previously Active Listeners"
  },
  {
    "artistName": "Usha Mangeshkar",
    "segment": "Previously Active Listeners"
  },
  {
    "artistName": "Hemant Kumar",
    "segment": "Previously Active Listeners"
  },
  {
    "artistName": "Piyush Mishra",
    "segment": "Previously Active Listeners"
  },
  {
    "artistName": "Swaroop Khan",
    "segment": "Previously Active Listeners"
  },
  {
    "artistName": "Selina",
    "segment": "Previously Active Listeners"
  },
  {
    "artistName": "Kailash Kher",
    "segment": "Previously Active Listeners"
  },
  {
    "artistName": "Jaspal Singh",
    "segment": "Previously Active Listeners"
  },
  {
    "artistName": "London Music Works",
    "segment": "Previously Active Listeners"
  },
  {
    "artistName": "Uttam Singh",
    "segment": "Previously Active Listeners"
  },
  {
    "artistName": "Kaustubh Gaikwad",
    "segment": "Previously Active Listeners"
  },
  {
    "artistName": "R. D. Burman",
    "segment": "Light listeners"
  },
  {
    "artistName": "Varun Grover",
    "segment": "Previously Active Listeners"
  },
  {
    "artistName": "Mandar Cholkar",
    "segment": "Previously Active Listeners"
  },
  {
    "artistName": "Anweshaa",
    "segment": "Previously Active Listeners"
  },
  {
    "artistName": "Kygo",
    "segment": "Previously Active Listeners"
  },
  {
    "artistName": "Abhay Jodhpurkar",
    "segment": "Previously Active Listeners"
  },
  {
    "artistName": "Kunaal Vermaa",
    "segment": "Light listeners"
  },
  {
    "artistName": "Jass Manak",
    "segment": "Previously Active Listeners"
  },
  {
    "artistName": "Momoiro Clover Z",
    "segment": "Previously Active Listeners"
  },
  {
    "artistName": "Meet Bros Anjjan",
    "segment": "Previously Active Listeners"
  },
  {
    "artistName": "Tarannum Malik Jain",
    "segment": "Previously Active Listeners"
  },
  {
    "artistName": "Dipakshi Kalita",
    "segment": "Previously Active Listeners"
  },
  {
    "artistName": "Chitra Singh",
    "segment": "Previously Active Listeners"
  },
  {
    "artistName": "Ajoy Chakrabarty",
    "segment": "Previously Active Listeners"
  },
  {
    "artistName": "Thomson Andrews",
    "segment": "Previously Active Listeners"
  },
  {
    "artistName": "Shravan",
    "segment": "Previously Active Listeners"
  },
  {
    "artistName": "Vishal Dadlani",
    "segment": "Previously Active Listeners"
  },
  {
    "artistName": "Husnlal Bhagatram",
    "segment": "Previously Active Listeners"
  },
  {
    "artistName": "Anand Raj Anand",
    "segment": "Light listeners"
  },
  {
    "artistName": "Panjabi MC",
    "segment": "Previously Active Listeners"
  },
  {
    "artistName": "Uma Devi",
    "segment": "Previously Active Listeners"
  },
  {
    "artistName": "Chetan Shashitaal",
    "segment": "Previously Active Listeners"
  },
  {
    "artistName": "Gminxr",
    "segment": "Previously Active Listeners"
  },
  {
    "artistName": "Javed Bashir",
    "segment": "Previously Active Listeners"
  },
  {
    "artistName": "Vijay Prakash",
    "segment": "Previously Active Listeners"
  },
  {
    "artistName": "Alamgir Khan",
    "segment": "Previously Active Listeners"
  },
  {
    "artistName": "Bhargavi",
    "segment": "Previously Active Listeners"
  },
  {
    "artistName": "Pragti",
    "segment": "Previously Active Listeners"
  },
  {
    "artistName": "Rahul Amin Khan",
    "segment": "Previously Active Listeners"
  },
  {
    "artistName": "Kumaar",
    "segment": "Previously Active Listeners"
  },
  {
    "artistName": "Ram Kumar Lakha",
    "segment": "Previously Active Listeners"
  },
  {
    "artistName": "Kalpana Patowary",
    "segment": "Previously Active Listeners"
  },
  {
    "artistName": "Madhushree",
    "segment": "Previously Active Listeners"
  },
  {
    "artistName": "Jagmohan",
    "segment": "Previously Active Listeners"
  },
  {
    "artistName": "Akhtar Chinnal",
    "segment": "Previously Active Listeners"
  },
  {
    "artistName": "Big Deal",
    "segment": "Previously Active Listeners"
  },
  {
    "artistName": "Amit Trivedi",
    "segment": "Light listeners"
  },
  {
    "artistName": "Bappi Lahiri",
    "segment": "Previously Active Listeners"
  },
  {
    "artistName": "J Star",
    "segment": "Previously Active Listeners"
  },
  {
    "artistName": "Kamal Haasan",
    "segment": "Previously Active Listeners"
  },
  {
    "artistName": "Mohammed Vakil",
    "segment": "Previously Active Listeners"
  },
  {
    "artistName": "Neha Kakkar",
    "segment": "Previously Active Listeners"
  },
  {
    "artistName": "Aamir Khan",
    "segment": "Previously Active Listeners"
  },
  {
    "artistName": "Suryakant Sawhney",
    "segment": "Previously Active Listeners"
  },
  {
    "artistName": "Pritam",
    "segment": "Light listeners"
  },
  {
    "artistName": "Navv Inder",
    "segment": "Previously Active Listeners"
  },
  {
    "artistName": "Ishers",
    "segment": "Previously Active Listeners"
  },
  {
    "artistName": "Rekha Bhardwaj",
    "segment": "Previously Active Listeners"
  },
  {
    "artistName": "Shweta Pandit",
    "segment": "Previously Active Listeners"
  },
  {
    "artistName": "Krishna Beuraa",
    "segment": "Previously Active Listeners"
  },
  {
    "artistName": "Mubarak Begum",
    "segment": "Previously Active Listeners"
  },
  {
    "artistName": "Imaad Shah",
    "segment": "Previously Active Listeners"
  },
  {
    "artistName": "Prashant Soni",
    "segment": "Previously Active Listeners"
  },
  {
    "artistName": "Fareed Sabri",
    "segment": "Previously Active Listeners"
  },
  {
    "artistName": "Ganesh",
    "segment": "Previously Active Listeners"
  },
  {
    "artistName": "Dattaram",
    "segment": "Previously Active Listeners"
  },
  {
    "artistName": "Nusrat Fateh Ali Khan",
    "segment": "Previously Active Listeners"
  },
  {
    "artistName": "Style Bhai",
    "segment": "Previously Active Listeners"
  },
  {
    "artistName": "Vaibhav Bundhoo",
    "segment": "Previously Active Listeners"
  },
  {
    "artistName": "Ravi Mishra",
    "segment": "Previously Active Listeners"
  },
  {
    "artistName": "Mika Singh",
    "segment": "Previously Active Listeners"
  },
  {
    "artistName": "Akdas Hayat",
    "segment": "Previously Active Listeners"
  },
  {
    "artistName": "Abida Parveen",
    "segment": "Previously Active Listeners"
  },
  {
    "artistName": "Gippy Grewal",
    "segment": "Previously Active Listeners"
  },
  {
    "artistName": "Ikka",
    "segment": "Previously Active Listeners"
  },
  {
    "artistName": "Shabab Sabri",
    "segment": "Previously Active Listeners"
  },
  {
    "artistName": "Pritha Mazumdar",
    "segment": "Previously Active Listeners"
  },
  {
    "artistName": "Shaan",
    "segment": "Light listeners"
  },
  {
    "artistName": "Ehsaan",
    "segment": "Previously Active Listeners"
  },
  {
    "artistName": "Anuradha Sriram",
    "segment": "Previously Active Listeners"
  },
  {
    "artistName": "Hrishikesh Ranade",
    "segment": "Previously Active Listeners"
  },
  {
    "artistName": "Nadeem Shravan",
    "segment": "Light listeners"
  },
  {
    "artistName": "Srivardhani Kuchi",
    "segment": "Previously Active Listeners"
  },
  {
    "artistName": "Sachin-Jigar",
    "segment": "Light listeners"
  },
  {
    "artistName": "Clinton Cerejo",
    "segment": "Previously Active Listeners"
  },
  {
    "artistName": "Tarannum Malik Jain",
    "segment": "Previously Active Listeners"
  },
  {
    "artistName": "Kamal Barot",
    "segment": "Previously Active Listeners"
  },
  {
    "artistName": "Atul Gogavale",
    "segment": "Previously Active Listeners"
  },
  {
    "artistName": "Hariharan",
    "segment": "Previously Active Listeners"
  },
  {
    "artistName": "Ajay Gogavale",
    "segment": "Previously Active Listeners"
  },
  {
    "artistName": "Ila Arun",
    "segment": "Previously Active Listeners"
  },
  {
    "artistName": "Lil Golu",
    "segment": "Previously Active Listeners"
  },
  {
    "artistName": "Arunita Kanjilal",
    "segment": "Previously Active Listeners"
  },
  {
    "artistName": "Raja Hasan",
    "segment": "Previously Active Listeners"
  },
  {
    "artistName": "Madan Mohan",
    "segment": "Previously Active Listeners"
  },
  {
    "artistName": "Samantha",
    "segment": "Previously Active Listeners"
  },
  {
    "artistName": "Miraya Varma",
    "segment": "Previously Active Listeners"
  },
  {
    "artistName": "Sneha Pant",
    "segment": "Previously Active Listeners"
  },
  {
    "artistName": "Bhushan Dua",
    "segment": "Previously Active Listeners"
  },
  {
    "artistName": "Nick Cave & The Bad Seeds",
    "segment": "Previously Active Listeners"
  },
  {
    "artistName": "Farid Hasan",
    "segment": "Previously Active Listeners"
  },
  {
    "artistName": "Bear McCreary",
    "segment": "Previously Active Listeners"
  },
  {
    "artistName": "Shashwat Singh",
    "segment": "Previously Active Listeners"
  },
  {
    "artistName": "Hamsika Iyer",
    "segment": "Previously Active Listeners"
  },
  {
    "artistName": "Caralisa Monteiro",
    "segment": "Previously Active Listeners"
  },
  {
    "artistName": "Vinod Rathod",
    "segment": "Previously Active Listeners"
  },
  {
    "artistName": "Dinesh Golan",
    "segment": "Previously Active Listeners"
  },
  {
    "artistName": "Dev Pagli",
    "segment": "Previously Active Listeners"
  },
  {
    "artistName": "Gujjar Boy",
    "segment": "Previously Active Listeners"
  },
  {
    "artistName": "Gorisha Gogoi",
    "segment": "Previously Active Listeners"
  },
  {
    "artistName": "Rohit Sharma",
    "segment": "Previously Active Listeners"
  },
  {
    "artistName": "K. L. Saigal",
    "segment": "Previously Active Listeners"
  },
  {
    "artistName": "Roshan",
    "segment": "Previously Active Listeners"
  },
  {
    "artistName": "Sudesh Bhosle",
    "segment": "Previously Active Listeners"
  },
  {
    "artistName": "Dhvani Bhanushali",
    "segment": "Previously Active Listeners"
  },
  {
    "artistName": "Devi Sri Prasad",
    "segment": "Previously Active Listeners"
  },
  {
    "artistName": "Shafqat Amanat Ali",
    "segment": "Previously Active Listeners"
  },
  {
    "artistName": "Shankar Mahadevan",
    "segment": "Previously Active Listeners"
  },
  {
    "artistName": "Money Aujla",
    "segment": "Previously Active Listeners"
  },
  {
    "artistName": "Daler Mehndi",
    "segment": "Previously Active Listeners"
  },
  {
    "artistName": "Hansraj Behl",
    "segment": "Previously Active Listeners"
  },
  {
    "artistName": "Kamaal Khan",
    "segment": "Previously Active Listeners"
  },
  {
    "artistName": "Ghulam Mohammed",
    "segment": "Previously Active Listeners"
  },
  {
    "artistName": "Hanif Shaikh",
    "segment": "Previously Active Listeners"
  },
  {
    "artistName": "Simar Kaur",
    "segment": "Previously Active Listeners"
  },
  {
    "artistName": "Subir Sen",
    "segment": "Previously Active Listeners"
  },
  {
    "artistName": "Asrar",
    "segment": "Previously Active Listeners"
  },
  {
    "artistName": "Kalyanji-Anandji",
    "segment": "Previously Active Listeners"
  },
  {
    "artistName": "Khemchand Prakash",
    "segment": "Previously Active Listeners"
  },
  {
    "artistName": "Tulsi Kumar",
    "segment": "Previously Active Listeners"
  },
  {
    "artistName": "Sapna Mukherjee",
    "segment": "Previously Active Listeners"
  },
  {
    "artistName": "Sadhana Sargam",
    "segment": "Previously Active Listeners"
  },
  {
    "artistName": "Manak-E",
    "segment": "Previously Active Listeners"
  },
  {
    "artistName": "Aanandi Joshi",
    "segment": "Previously Active Listeners"
  },
  {
    "artistName": "K. S. Harisankar",
    "segment": "Previously Active Listeners"
  },
  {
    "artistName": "Khushbhoo Jain",
    "segment": "Previously Active Listeners"
  },
  {
    "artistName": "Usha Timothy",
    "segment": "Previously Active Listeners"
  },
  {
    "artistName": "MANOJ TIWARI",
    "segment": "Previously Active Listeners"
  },
  {
    "artistName": "Adnan Sami",
    "segment": "Light listeners"
  },
  {
    "artistName": "Kavita Seth",
    "segment": "Previously Active Listeners"
  },
  {
    "artistName": "Anup Ghoshal",
    "segment": "Previously Active Listeners"
  },
  {
    "artistName": "Kausar Munir",
    "segment": "Previously Active Listeners"
  },
  {
    "artistName": "Aditi Paul",
    "segment": "Previously Active Listeners"
  },
  {
    "artistName": "Janardan Khandalkar",
    "segment": "Previously Active Listeners"
  },
  {
    "artistName": "Mellow D",
    "segment": "Previously Active Listeners"
  },
  {
    "artistName": "Reshma",
    "segment": "Previously Active Listeners"
  },
  {
    "artistName": "Amitabh Bhattacharya",
    "segment": "Light listeners"
  },
  {
    "artistName": "Mustafa Zahid",
    "segment": "Previously Active Listeners"
  },
  {
    "artistName": "Sandeep Shirodkar",
    "segment": "Previously Active Listeners"
  },
  {
    "artistName": "Balti",
    "segment": "Previously Active Listeners"
  },
  {
    "artistName": "Momokurotei Ichimon",
    "segment": "Previously Active Listeners"
  },
  {
    "artistName": "S.N.Tripathi",
    "segment": "Previously Active Listeners"
  },
  {
    "artistName": "Twin Strings",
    "segment": "Previously Active Listeners"
  },
  {
    "artistName": "Jaswinder Singh",
    "segment": "Previously Active Listeners"
  },
  {
    "artistName": "Michael Hunter",
    "segment": "Previously Active Listeners"
  },
  {
    "artistName": "Rajkumar Rizvi",
    "segment": "Previously Active Listeners"
  },
  {
    "artistName": "Fateh",
    "segment": "Previously Active Listeners"
  },
  {
    "artistName": "Chandan Tiwari",
    "segment": "Previously Active Listeners"
  },
  {
    "artistName": "DJ Shadow",
    "segment": "Previously Active Listeners"
  },
  {
    "artistName": "Trevor",
    "segment": "Previously Active Listeners"
  },
  {
    "artistName": "Ravi",
    "segment": "Previously Active Listeners"
  },
  {
    "artistName": "Hrishikesh",
    "segment": "Previously Active Listeners"
  },
  {
    "artistName": "S. D. Batish",
    "segment": "Previously Active Listeners"
  },
  {
    "artistName": "Shriram",
    "segment": "Previously Active Listeners"
  },
  {
    "artistName": "Javed Jaffrey",
    "segment": "Previously Active Listeners"
  },
  {
    "artistName": "DJ Harshit Shah",
    "segment": "Previously Active Listeners"
  },
  {
    "artistName": "Soham",
    "segment": "Previously Active Listeners"
  },
  {
    "artistName": "Shantanu Moitra",
    "segment": "Light listeners"
  },
  {
    "artistName": "Sandesh Shandilya",
    "segment": "Previously Active Listeners"
  },
  {
    "artistName": "Noori",
    "segment": "Previously Active Listeners"
  },
  {
    "artistName": "Divya Kumar",
    "segment": "Previously Active Listeners"
  },
  {
    "artistName": "Rajdeep Chatterjee",
    "segment": "Previously Active Listeners"
  },
  {
    "artistName": "Muhammad Samie",
    "segment": "Previously Active Listeners"
  },
  {
    "artistName": "Keerthi Sagathia",
    "segment": "Previously Active Listeners"
  },
  {
    "artistName": "Geeta Dutt",
    "segment": "Previously Active Listeners"
  },
  {
    "artistName": "Haimanti Sukla",
    "segment": "Previously Active Listeners"
  },
  {
    "artistName": "Om Prakash Yadav",
    "segment": "Previously Active Listeners"
  },
  {
    "artistName": "Traditional",
    "segment": "Previously Active Listeners"
  },
  {
    "artistName": "Satya Yamini",
    "segment": "Previously Active Listeners"
  },
  {
    "artistName": "Rasila",
    "segment": "Previously Active Listeners"
  },
  {
    "artistName": "Sachet Tandon",
    "segment": "Previously Active Listeners"
  },
  {
    "artistName": "Sukhwinder Singh",
    "segment": "Previously Active Listeners"
  },
  {
    "artistName": "Mohammed Aman",
    "segment": "Previously Active Listeners"
  },
  {
    "artistName": "Badshah",
    "segment": "Previously Active Listeners"
  },
  {
    "artistName": "Jagjit Singh",
    "segment": "Previously Active Listeners"
  },
  {
    "artistName": "Kavita Krishnamurthy",
    "segment": "Previously Active Listeners"
  },
  {
    "artistName": "Krishna Kalle",
    "segment": "Previously Active Listeners"
  },
  {
    "artistName": "Saba Azad",
    "segment": "Previously Active Listeners"
  },
  {
    "artistName": "Earl Edgar",
    "segment": "Previously Active Listeners"
  },
  {
    "artistName": "Habib Faisal",
    "segment": "Previously Active Listeners"
  },
  {
    "artistName": "Madhukar Anand",
    "segment": "Previously Active Listeners"
  },
  {
    "artistName": "Priya Saraiya",
    "segment": "Previously Active Listeners"
  },
  {
    "artistName": "Shammi Kapoor",
    "segment": "Previously Active Listeners"
  },
  {
    "artistName": "Monali Thakur",
    "segment": "Previously Active Listeners"
  },
  {
    "artistName": "Laxmikant–Pyarelal",
    "segment": "Previously Active Listeners"
  },
  {
    "artistName": "Kunal Ganjawala",
    "segment": "Light listeners"
  },
  {
    "artistName": "Hemant Kulkarni",
    "segment": "Previously Active Listeners"
  },
  {
    "artistName": "Pawni Pandey",
    "segment": "Previously Active Listeners"
  },
  {
    "artistName": "Shail Hada",
    "segment": "Previously Active Listeners"
  },
  {
    "artistName": "Shiraz Uppal",
    "segment": "Previously Active Listeners"
  },
  {
    "artistName": "Vishal Bhardwaj",
    "segment": "Previously Active Listeners"
  },
  {
    "artistName": "Raghubir Yadav",
    "segment": "Previously Active Listeners"
  },
  {
    "artistName": "Muazzam",
    "segment": "Previously Active Listeners"
  },
  {
    "artistName": "Mohammed Irfan",
    "segment": "Previously Active Listeners"
  },
  {
    "artistName": "Smokey The Ghosht",
    "segment": "Previously Active Listeners"
  },
  {
    "artistName": "Intense",
    "segment": "Previously Active Listeners"
  },
  {
    "artistName": "Gulzar",
    "segment": "Moderate listeners"
  },
  {
    "artistName": "King",
    "segment": "Previously Active Listeners"
  },
  {
    "artistName": "Nikhita Gandhi",
    "segment": "Previously Active Listeners"
  },
  {
    "artistName": "Pt. Shivram Krishna",
    "segment": "Previously Active Listeners"
  },
  {
    "artistName": "R.D.B.",
    "segment": "Previously Active Listeners"
  },
  {
    "artistName": "Shankar Jaikishan",
    "segment": "Previously Active Listeners"
  },
  {
    "artistName": "MJ",
    "segment": "Previously Active Listeners"
  },
  {
    "artistName": "Vishal",
    "segment": "Previously Active Listeners"
  },
  {
    "artistName": "Richa Sharma",
    "segment": "Previously Active Listeners"
  },
  {
    "artistName": "Anushka Manchanda",
    "segment": "Previously Active Listeners"
  },
  {
    "artistName": "Shreya Ghoshal",
    "segment": "Super Listeners"
  },
  {
    "artistName": "Sankalp Srivastava",
    "segment": "Previously Active Listeners"
  },
  {
    "artistName": "Kanika Kapoor",
    "segment": "Previously Active Listeners"
  },
  {
    "artistName": "Sunayana",
    "segment": "Previously Active Listeners"
  },
  {
    "artistName": "Advait Nemlekar",
    "segment": "Previously Active Listeners"
  },
  {
    "artistName": "Rafaqat Ali Khan",
    "segment": "Previously Active Listeners"
  },
  {
    "artistName": "Banjyotsna",
    "segment": "Previously Active Listeners"
  },
  {
    "artistName": "Saleem Shahzada",
    "segment": "Previously Active Listeners"
  },
  {
    "artistName": "Siddharth - Garima",
    "segment": "Previously Active Listeners"
  },
  {
    "artistName": "Madhushree Sneha Panth",
    "segment": "Previously Active Listeners"
  },
  {
    "artistName": "Shabbir Kumar",
    "segment": "Previously Active Listeners"
  },
  {
    "artistName": "Archana",
    "segment": "Previously Active Listeners"
  },
  {
    "artistName": "Bipin-Babul",
    "segment": "Previously Active Listeners"
  },
  {
    "artistName": "Gaurav Dagaonkar",
    "segment": "Previously Active Listeners"
  },
  {
    "artistName": "Chhotu Shikari",
    "segment": "Previously Active Listeners"
  },
  {
    "artistName": "Pk Rajli",
    "segment": "Previously Active Listeners"
  },
  {
    "artistName": "Bhoomi Trivedi",
    "segment": "Previously Active Listeners"
  },
  {
    "artistName": "Pankaj Udhas",
    "segment": "Previously Active Listeners"
  },
  {
    "artistName": "Rawmats",
    "segment": "Previously Active Listeners"
  },
  {
    "artistName": "Arun Bakshi",
    "segment": "Previously Active Listeners"
  },
  {
    "artistName": "Vyshnav Balasubramaniam",
    "segment": "Previously Active Listeners"
  },
  {
    "artistName": "M. M. Kreem",
    "segment": "Previously Active Listeners"
  },
  {
    "artistName": "Salim–Sulaiman",
    "segment": "Previously Active Listeners"
  },
  {
    "artistName": "FRANCO",
    "segment": "Previously Active Listeners"
  },
  {
    "artistName": "Anand Bakshi",
    "segment": "Previously Active Listeners"
  },
  {
    "artistName": "Ami Mishra",
    "segment": "Light listeners"
  },
  {
    "artistName": "Suman Kalyanpur",
    "segment": "Previously Active Listeners"
  },
  {
    "artistName": "Alka Yagnik",
    "segment": "Moderate listeners"
  },
  {
    "artistName": "Anu Malik",
    "segment": "Previously Active Listeners"
  },
  {
    "artistName": "DJ A. Myth",
    "segment": "Previously Active Listeners"
  },
  {
    "artistName": "Nindy Kaur",
    "segment": "Previously Active Listeners"
  },
  {
    "artistName": "Farhan Akhtar",
    "segment": "Previously Active Listeners"
  },
  {
    "artistName": "Sehar Gul Khan",
    "segment": "Previously Active Listeners"
  },
  {
    "artistName": "Javed Ali",
    "segment": "Previously Active Listeners"
  },
  {
    "artistName": "Arun Date",
    "segment": "Previously Active Listeners"
  },
  {
    "artistName": "Pranjal Dahiya",
    "segment": "Previously Active Listeners"
  },
  {
    "artistName": "Thaman S",
    "segment": "Previously Active Listeners"
  },
  {
    "artistName": "Flood",
    "segment": "Previously Active Listeners"
  },
  {
    "artistName": "Nucleya",
    "segment": "Previously Active Listeners"
  },
  {
    "artistName": "Vineet Singh",
    "segment": "Previously Active Listeners"
  },
  {
    "artistName": "Sujata Bhattacharya",
    "segment": "Previously Active Listeners"
  },
  {
    "artistName": "Palash Sen",
    "segment": "Previously Active Listeners"
  },
  {
    "artistName": "Palak Muchhal",
    "segment": "Previously Active Listeners"
  },
  {
    "artistName": "Manna Dey",
    "segment": "Previously Active Listeners"
  },
  {
    "artistName": "Aslam",
    "segment": "Previously Active Listeners"
  },
  {
    "artistName": "Vasant Desai",
    "segment": "Previously Active Listeners"
  },
  {
    "artistName": "Ameen Sabri",
    "segment": "Previously Active Listeners"
  },
  {
    "artistName": "Master Saleem",
    "segment": "Previously Active Listeners"
  },
  {
    "artistName": "Papon",
    "segment": "Previously Active Listeners"
  },
  {
    "artistName": "Munawar Masoom",
    "segment": "Previously Active Listeners"
  },
  {
    "artistName": "Uday Mazumdar",
    "segment": "Previously Active Listeners"
  },
  {
    "artistName": "Neuman",
    "segment": "Previously Active Listeners"
  },
  {
    "artistName": "Nilotpal Bora",
    "segment": "Previously Active Listeners"
  },
  {
    "artistName": "Lehmber Hussainpuri",
    "segment": "Previously Active Listeners"
  },
  {
    "artistName": "K. J. Yesudas",
    "segment": "Previously Active Listeners"
  },
  {
    "artistName": "K. S. Chithra",
    "segment": "Previously Active Listeners"
  },
  {
    "artistName": "Anurag Saikia",
    "segment": "Previously Active Listeners"
  },
  {
    "artistName": "Karsan Sagathia",
    "segment": "Previously Active Listeners"
  },
  {
    "artistName": "Blaaze",
    "segment": "Previously Active Listeners"
  },
  {
    "artistName": "Shraddha Pandit",
    "segment": "Previously Active Listeners"
  },
  {
    "artistName": "Sharda Sinha",
    "segment": "Previously Active Listeners"
  },
  {
    "artistName": "Deep Money",
    "segment": "Previously Active Listeners"
  },
  {
    "artistName": "Sajid-Wajid",
    "segment": "Light listeners"
  },
  {
    "artistName": "Craz Professa",
    "segment": "Previously Active Listeners"
  },
  {
    "artistName": "Shamshad Begum",
    "segment": "Previously Active Listeners"
  },
  {
    "artistName": "Nakash Aziz",
    "segment": "Previously Active Listeners"
  },
  {
    "artistName": "Shilpa Rao",
    "segment": "Previously Active Listeners"
  },
  {
    "artistName": "Usha Uthup",
    "segment": "Previously Active Listeners"
  },
  {
    "artistName": "Mohit Chauhan",
    "segment": "Light listeners"
  },
  {
    "artistName": "Mohammed Rafi",
    "segment": "Previously Active Listeners"
  },
  {
    "artistName": "Amrita Kak",
    "segment": "Previously Active Listeners"
  },
  {
    "artistName": "Sultana",
    "segment": "Previously Active Listeners"
  },
  {
    "artistName": "Parampara Tandon",
    "segment": "Previously Active Listeners"
  },
  {
    "artistName": "Nisha",
    "segment": "Previously Active Listeners"
  },
  {
    "artistName": "Kuldeep Singh",
    "segment": "Previously Active Listeners"
  },
  {
    "artistName": "Sinduri Vishal",
    "segment": "Previously Active Listeners"
  },
  {
    "artistName": "Akshay De",
    "segment": "Previously Active Listeners"
  },
  {
    "artistName": "Tapas Relia",
    "segment": "Previously Active Listeners"
  },
  {
    "artistName": "Shankar-Ehsaan-Loy",
    "segment": "Previously Active Listeners"
  },
  {
    "artistName": "Shekhar Gaikwad",
    "segment": "Previously Active Listeners"
  },
  {
    "artistName": "Atul Kale",
    "segment": "Previously Active Listeners"
  },
  {
    "artistName": "Sonali Bhatawdekar",
    "segment": "Previously Active Listeners"
  },
  {
    "artistName": "Aalaap Majgavkar",
    "segment": "Previously Active Listeners"
  },
  {
    "artistName": "Johnny Flynn",
    "segment": "Previously Active Listeners"
  },
  {
    "artistName": "Manohar Shetty",
    "segment": "Previously Active Listeners"
  },
  {
    "artistName": "Abhijeet",
    "segment": "Previously Active Listeners"
  },
  {
    "artistName": "Sandeep Madhavan",
    "segment": "Previously Active Listeners"
  },
  {
    "artistName": "Bashir Bhawani",
    "segment": "Previously Active Listeners"
  },
  {
    "artistName": "Ad Boyz",
    "segment": "Previously Active Listeners"
  },
  {
    "artistName": "Kodaline",
    "segment": "Previously Active Listeners"
  },
  {
    "artistName": "Kiran Kamath",
    "segment": "Previously Active Listeners"
  },
  {
    "artistName": "Bhadwai Village Mandali",
    "segment": "Previously Active Listeners"
  },
  {
    "artistName": "Jatin-Lalit",
    "segment": "Previously Active Listeners"
  },
  {
    "artistName": "Mahalakshmi Iyer",
    "segment": "Previously Active Listeners"
  },
  {
    "artistName": "Ali Sethi",
    "segment": "Previously Active Listeners"
  },
  {
    "artistName": "Naresh Kamath",
    "segment": "Previously Active Listeners"
  },
  {
    "artistName": "Ankit Tiwari",
    "segment": "Previously Active Listeners"
  },
  {
    "artistName": "Nikhil Vinay",
    "segment": "Previously Active Listeners"
  },
  {
    "artistName": "B Praak",
    "segment": "Previously Active Listeners"
  },
  {
    "artistName": "Bashir Lone",
    "segment": "Previously Active Listeners"
  },
  {
    "artistName": "Prasoon Joshi",
    "segment": "Previously Active Listeners"
  },
  {
    "artistName": "Manan Bhardwaj",
    "segment": "Previously Active Listeners"
  },
  {
    "artistName": "Neha Shitole",
    "segment": "Previously Active Listeners"
  },
  {
    "artistName": "Shailendra Singh",
    "segment": "Previously Active Listeners"
  },
  {
    "artistName": "Sarosh Sami",
    "segment": "Previously Active Listeners"
  },
  {
    "artistName": "Chitragupta",
    "segment": "Previously Active Listeners"
  },
  {
    "artistName": "BgA",
    "segment": "Previously Active Listeners"
  },
  {
    "artistName": "Swanand Kirkire",
    "segment": "Light listeners"
  },
  {
    "artistName": "Sanjay Leela Bhansali",
    "segment": "Previously Active Listeners"
  },
  {
    "artistName": "Arko",
    "segment": "Previously Active Listeners"
  },
  {
    "artistName": "Shreyas Puranik",
    "segment": "Previously Active Listeners"
  },
  {
    "artistName": "Ylvis",
    "segment": "Previously Active Listeners"
  },
  {
    "artistName": "Sudha Malhotra",
    "segment": "Previously Active Listeners"
  },
  {
    "artistName": "M. G. Sreekumar",
    "segment": "Light listeners"
  },
  {
    "artistName": "Harshdeep Kaur",
    "segment": "Previously Active Listeners"
  },
  {
    "artistName": "Nachiketa Chakraborty",
    "segment": "Previously Active Listeners"
  },
  {
    "artistName": "Anvita Dutt Guptan",
    "segment": "Previously Active Listeners"
  },
  {
    "artistName": "Sajid Khan",
    "segment": "Previously Active Listeners"
  },
  {
    "artistName": "Neeraj Shridhar",
    "segment": "Previously Active Listeners"
  },
  {
    "artistName": "AjaxxCadel",
    "segment": "Previously Active Listeners"
  },
  {
    "artistName": "Sandeep Chowta",
    "segment": "Previously Active Listeners"
  },
  {
    "artistName": "Suraiya",
    "segment": "Previously Active Listeners"
  },
  {
    "artistName": "Asim Azhar",
    "segment": "Previously Active Listeners"
  },
  {
    "artistName": "Shekhar Ravjiani",
    "segment": "Previously Active Listeners"
  },
  {
    "artistName": "Jaideep Sahni",
    "segment": "Previously Active Listeners"
  },
  {
    "artistName": "Anand-Milind",
    "segment": "Previously Active Listeners"
  },
  {
    "artistName": "Altamash Faridi",
    "segment": "Previously Active Listeners"
  },
  {
    "artistName": "Aishwarya",
    "segment": "Previously Active Listeners"
  },
  {
    "artistName": "Rahul Mukherjee",
    "segment": "Previously Active Listeners"
  },
  {
    "artistName": "Sameer Anjaan",
    "segment": "Previously Active Listeners"
  },
  {
    "artistName": "Nikhil D'Souza",
    "segment": "Previously Active Listeners"
  },
  {
    "artistName": "Jyoti Nooran",
    "segment": "Previously Active Listeners"
  },
  {
    "artistName": "Nutan",
    "segment": "Previously Active Listeners"
  },
  {
    "artistName": "Babul",
    "segment": "Previously Active Listeners"
  },
  {
    "artistName": "Mukesh",
    "segment": "Previously Active Listeners"
  },
  {
    "artistName": "Robbie Styles",
    "segment": "Previously Active Listeners"
  },
  {
    "artistName": "Rituraj",
    "segment": "Previously Active Listeners"
  },
  {
    "artistName": "The Doorbeen",
    "segment": "Previously Active Listeners"
  },
  {
    "artistName": "Meet Bros.",
    "segment": "Previously Active Listeners"
  },
  {
    "artistName": "Dipti",
    "segment": "Previously Active Listeners"
  },
  {
    "artistName": "Indu Sonali",
    "segment": "Previously Active Listeners"
  },
  {
    "artistName": "Dr. Sagar",
    "segment": "Previously Active Listeners"
  },
  {
    "artistName": "Sonu Nigam",
    "segment": "Moderate listeners"
  },
  {
    "artistName": "Osman Mir",
    "segment": "Previously Active Listeners"
  },
  {
    "artistName": "Momina Mustehsan",
    "segment": "Previously Active Listeners"
  },
  {
    "artistName": "Nandini Srikar",
    "segment": "Previously Active Listeners"
  },
  {
    "artistName": "Saleem Raza",
    "segment": "Previously Active Listeners"
  },
  {
    "artistName": "Avadhoot Gupte",
    "segment": "Previously Active Listeners"
  },
  {
    "artistName": "Various Artists",
    "segment": "Moderate listeners"
  },
  {
    "artistName": "A.R. Rahman",
    "segment": "Moderate listeners"
  },
  {
    "artistName": "Rehan Khan",
    "segment": "Previously Active Listeners"
  },
  {
    "artistName": "Jeet Gannguli",
    "segment": "Light listeners"
  },
  {
    "artistName": "Yashita Sharma",
    "segment": "Previously Active Listeners"
  },
  {
    "artistName": "Raamlaxman",
    "segment": "Previously Active Listeners"
  },
  {
    "artistName": "Indian Ocean",
    "segment": "Previously Active Listeners"
  },
  {
    "artistName": "Noor Jehan",
    "segment": "Previously Active Listeners"
  },
  {
    "artistName": "Manish Kumar Tipu",
    "segment": "Previously Active Listeners"
  },
  {
    "artistName": "Muzamil Bhawani",
    "segment": "Previously Active Listeners"
  },
  {
    "artistName": "Usha Khanna",
    "segment": "Previously Active Listeners"
  },
  {
    "artistName": "Ram Laxman",
    "segment": "Previously Active Listeners"
  },
  {
    "artistName": "KK",
    "segment": "Light listeners"
  },
  {
    "artistName": "Jonita Gandhi",
    "segment": "Previously Active Listeners"
  },
  {
    "artistName": "Yashraj Kapil",
    "segment": "Previously Active Listeners"
  },
  {
    "artistName": "Aadesh Shrivastava",
    "segment": "Previously Active Listeners"
  },
  {
    "artistName": "Ajay-Atul",
    "segment": "Previously Active Listeners"
  },
  {
    "artistName": "Meena Kumari",
    "segment": "Previously Active Listeners"
  },
  {
    "artistName": "TOBACCO",
    "segment": "Previously Active Listeners"
  },
  {
    "artistName": "Jaidev",
    "segment": "Previously Active Listeners"
  },
  {
    "artistName": "Roshini JKV",
    "segment": "Previously Active Listeners"
  },
  {
    "artistName": "Ameen Sayani",
    "segment": "Previously Active Listeners"
  },
  {
    "artistName": "Naushad",
    "segment": "Previously Active Listeners"
  },
  {
    "artistName": "Shaarib Toshi",
    "segment": "Previously Active Listeners"
  },
  {
    "artistName": "James Hannigan",
    "segment": "Previously Active Listeners"
  },
  {
    "artistName": "Mehdi Hassan",
    "segment": "Previously Active Listeners"
  },
  {
    "artistName": "Sapna Awasthi",
    "segment": "Previously Active Listeners"
  },
  {
    "artistName": "Pratima Rao",
    "segment": "Previously Active Listeners"
  },
  {
    "artistName": "O. P. Nayyar",
    "segment": "Previously Active Listeners"
  },
  {
    "artistName": "Aditya Narayan",
    "segment": "Previously Active Listeners"
  },
  {
    "artistName": "Rahat Fateh Ali Khan",
    "segment": "Previously Active Listeners"
  },
  {
    "artistName": "Mansheel Gujral",
    "segment": "Previously Active Listeners"
  },
  {
    "artistName": "Wahab Bugti",
    "segment": "Previously Active Listeners"
  }
]