[
  {
    "platform" : "WIN32_X86",
    "searchTime" : "2024-08-14T16:09:26.396Z[UTC]",
    "searchQuery" : "Jab Se Tumhe Dekha Hai",
    "searchInteractionURIs" : [
    ]
  },
  {
    "platform" : "WEBPLAYER",
    "searchTime" : "2024-09-07T05:45:14.657Z[UTC]",
    "searchQuery" : "neele ",
    "searchInteractionURIs" : [
    ]
  },
  {
    "platform" : "WEBPLAYER",
    "searchTime" : "2024-09-07T05:45:15.927Z[UTC]",
    "searchQuery" : "neele shreya",
    "searchInteractionURIs" : [
    ]
  },
  {
    "platform" : "WEBPLAYER",
    "searchTime" : "2024-09-07T05:45:53.969Z[UTC]",
    "searchQuery" : "p",
    "searchInteractionURIs" : [
    ]
  },
  {
    "platform" : "WEBPLAYER",
    "searchTime" : "2024-09-07T05:46:25.220Z[UTC]",
    "searchQuery" : "o bekha",
    "searchInteractionURIs" : [
    ]
  },
  {
    "platform" : "WEBPLAYER",
    "searchTime" : "2024-09-07T05:46:39.309Z[UTC]",
    "searchQuery" : "o bek",
    "searchInteractionURIs" : [
    ]
  },
  {
    "platform" : "WEBPLAYER",
    "searchTime" : "2024-09-07T05:46:39.405Z[UTC]",
    "searchQuery" : "o bek",
    "searchInteractionURIs" : [
    ]
  },
  {
    "platform" : "WEBPLAYER",
    "searchTime" : "2024-09-07T05:47:33.345Z[UTC]",
    "searchQuery" : "kasto mazz",
    "searchInteractionURIs" : [
    ]
  },
  {
    "platform" : "WEBPLAYER",
    "searchTime" : "2024-09-07T05:47:51.135Z[UTC]",
    "searchQuery" : "a",
    "searchInteractionURIs" : [
    ]
  },
  {
    "platform" : "WEBPLAYER",
    "searchTime" : "2024-09-07T05:48:07.559Z[UTC]",
    "searchQuery" : "o sanam",
    "searchInteractionURIs" : [
    ]
  },
  {
    "platform" : "WEBPLAYER",
    "searchTime" : "2024-09-07T05:48:14.891Z[UTC]",
    "searchQuery" : "ter",
    "searchInteractionURIs" : [
    ]
  },
  {
    "platform" : "WEBPLAYER",
    "searchTime" : "2024-09-07T05:48:16.658Z[UTC]",
    "searchQuery" : "teri ",
    "searchInteractionURIs" : [
    ]
  },
  {
    "platform" : "WEBPLAYER",
    "searchTime" : "2024-09-07T05:48:54.741Z[UTC]",
    "searchQuery" : "silsila ye",
    "searchInteractionURIs" : [
    ]
  },
  {
    "platform" : "WEBPLAYER",
    "searchTime" : "2024-09-07T05:48:54.851Z[UTC]",
    "searchQuery" : "silsila ye",
    "searchInteractionURIs" : [
    ]
  },
  {
    "platform" : "WEBPLAYER",
    "searchTime" : "2024-09-07T05:49:28.239Z[UTC]",
    "searchQuery" : "thode  bad",
    "searchInteractionURIs" : [
    ]
  },
  {
    "platform" : "WEBPLAYER",
    "searchTime" : "2024-09-07T05:49:35.287Z[UTC]",
    "searchQuery" : "thodi de",
    "searchInteractionURIs" : [
    ]
  },
  {
    "platform" : "WEBPLAYER",
    "searchTime" : "2024-09-07T05:50:00.754Z[UTC]",
    "searchQuery" : "saasn",
    "searchInteractionURIs" : [
    ]
  },
  {
    "platform" : "WEBPLAYER",
    "searchTime" : "2024-09-07T05:50:09.997Z[UTC]",
    "searchQuery" : "dil te ",
    "searchInteractionURIs" : [
    ]
  },
  {
    "platform" : "WEBPLAYER",
    "searchTime" : "2024-09-07T05:50:21.088Z[UTC]",
    "searchQuery" : "chand",
    "searchInteractionURIs" : [
    ]
  },
  {
    "platform" : "WEBPLAYER",
    "searchTime" : "2024-09-07T05:50:34.751Z[UTC]",
    "searchQuery" : "naina ",
    "searchInteractionURIs" : [
    ]
  },
  {
    "platform" : "WEBPLAYER",
    "searchTime" : "2024-09-07T05:50:41.176Z[UTC]",
    "searchQuery" : "inteza",
    "searchInteractionURIs" : [
    ]
  },
  {
    "platform" : "WEBPLAYER",
    "searchTime" : "2024-09-07T05:50:42.417Z[UTC]",
    "searchQuery" : "intezaar tit",
    "searchInteractionURIs" : [
    ]
  },
  {
    "platform" : "WEBPLAYER",
    "searchTime" : "2024-09-07T05:50:50.676Z[UTC]",
    "searchQuery" : "tujh me",
    "searchInteractionURIs" : [
    ]
  },
  {
    "platform" : "WEBPLAYER",
    "searchTime" : "2024-09-07T05:51:05.465Z[UTC]",
    "searchQuery" : "teri meri ",
    "searchInteractionURIs" : [
    ]
  },
  {
    "platform" : "WEBPLAYER",
    "searchTime" : "2024-09-07T05:51:51.644Z[UTC]",
    "searchQuery" : "o",
    "searchInteractionURIs" : [
    ]
  },
  {
    "platform" : "WEBPLAYER",
    "searchTime" : "2024-09-07T05:51:52.367Z[UTC]",
    "searchQuery" : "oh my ",
    "searchInteractionURIs" : [
    ]
  },
  {
    "platform" : "WEBPLAYER",
    "searchTime" : "2024-09-07T05:53:19.032Z[UTC]",
    "searchQuery" : "tere a",
    "searchInteractionURIs" : [
    ]
  },
  {
    "platform" : "WEBPLAYER",
    "searchTime" : "2024-09-07T05:53:20.115Z[UTC]",
    "searchQuery" : "tere a",
    "searchInteractionURIs" : [
    ]
  },
  {
    "platform" : "WEBPLAYER",
    "searchTime" : "2024-09-07T05:53:20.222Z[UTC]",
    "searchQuery" : "tere a",
    "searchInteractionURIs" : [
    ]
  },
  {
    "platform" : "WEBPLAYER",
    "searchTime" : "2024-09-07T05:53:22.887Z[UTC]",
    "searchQuery" : "tere nast",
    "searchInteractionURIs" : [
    ]
  },
  {
    "platform" : "WEBPLAYER",
    "searchTime" : "2024-09-07T05:53:37.757Z[UTC]",
    "searchQuery" : "kabhi",
    "searchInteractionURIs" : [
    ]
  },
  {
    "platform" : "WEBPLAYER",
    "searchTime" : "2024-09-07T05:54:08.863Z[UTC]",
    "searchQuery" : "d",
    "searchInteractionURIs" : [
    ]
  },
  {
    "platform" : "WEBPLAYER",
    "searchTime" : "2024-09-07T05:56:26.421Z[UTC]",
    "searchQuery" : "pya",
    "searchInteractionURIs" : [
    ]
  },
  {
    "platform" : "WEBPLAYER",
    "searchTime" : "2024-09-07T05:56:26.586Z[UTC]",
    "searchQuery" : "pyar",
    "searchInteractionURIs" : [
    ]
  },
  {
    "platform" : "WEBPLAYER",
    "searchTime" : "2024-09-07T05:56:27.745Z[UTC]",
    "searchQuery" : "pyar ki ",
    "searchInteractionURIs" : [
    ]
  },
  {
    "platform" : "WEBPLAYER",
    "searchTime" : "2024-09-07T05:56:36.948Z[UTC]",
    "searchQuery" : "ye kya hu",
    "searchInteractionURIs" : [
    ]
  },
  {
    "platform" : "WEBPLAYER",
    "searchTime" : "2024-09-07T05:56:42.444Z[UTC]",
    "searchQuery" : "ye kya hua ",
    "searchInteractionURIs" : [
    ]
  },
  {
    "platform" : "WEBPLAYER",
    "searchTime" : "2024-09-07T05:56:43.729Z[UTC]",
    "searchQuery" : "ye kya hua shre",
    "searchInteractionURIs" : [
    ]
  },
  {
    "platform" : "WEBPLAYER",
    "searchTime" : "2024-09-07T05:56:53.990Z[UTC]",
    "searchQuery" : "do",
    "searchInteractionURIs" : [
    ]
  },
  {
    "platform" : "WEBPLAYER",
    "searchTime" : "2024-09-07T05:56:54.951Z[UTC]",
    "searchQuery" : "do an",
    "searchInteractionURIs" : [
    ]
  },
  {
    "platform" : "WEBPLAYER",
    "searchTime" : "2024-09-07T05:56:55.424Z[UTC]",
    "searchQuery" : "do anj",
    "searchInteractionURIs" : [
    ]
  },
  {
    "platform" : "WEBPLAYER",
    "searchTime" : "2024-09-07T05:57:18.792Z[UTC]",
    "searchQuery" : "ek d",
    "searchInteractionURIs" : [
    ]
  },
  {
    "platform" : "WEBPLAYER",
    "searchTime" : "2024-09-07T05:57:20.042Z[UTC]",
    "searchQuery" : "ek diwa",
    "searchInteractionURIs" : [
    ]
  },
  {
    "platform" : "WEBPLAYER",
    "searchTime" : "2024-09-07T05:57:23.360Z[UTC]",
    "searchQuery" : "ek diwani",
    "searchInteractionURIs" : [
    ]
  },
  {
    "platform" : "WEBPLAYER",
    "searchTime" : "2024-09-07T05:57:33.400Z[UTC]",
    "searchQuery" : "dil",
    "searchInteractionURIs" : [
    ]
  },
  {
    "platform" : "WEBPLAYER",
    "searchTime" : "2024-09-07T05:57:37.760Z[UTC]",
    "searchQuery" : "dil ko ch",
    "searchInteractionURIs" : [
    ]
  },
  {
    "platform" : "WEBPLAYER",
    "searchTime" : "2024-09-07T05:57:38.512Z[UTC]",
    "searchQuery" : "dil ko chura",
    "searchInteractionURIs" : [
    ]
  },
  {
    "platform" : "WEBPLAYER",
    "searchTime" : "2024-09-07T05:57:50.591Z[UTC]",
    "searchQuery" : "p",
    "searchInteractionURIs" : [
    ]
  },
  {
    "platform" : "WEBPLAYER",
    "searchTime" : "2024-09-07T05:58:12.402Z[UTC]",
    "searchQuery" : "sun zara",
    "searchInteractionURIs" : [
    ]
  },
  {
    "platform" : "WEBPLAYER",
    "searchTime" : "2024-09-07T05:58:24.211Z[UTC]",
    "searchQuery" : "tere",
    "searchInteractionURIs" : [
    ]
  },
  {
    "platform" : "WEBPLAYER",
    "searchTime" : "2024-09-07T05:58:37.617Z[UTC]",
    "searchQuery" : "m",
    "searchInteractionURIs" : [
    ]
  },
  {
    "platform" : "WEBPLAYER",
    "searchTime" : "2024-09-07T05:58:38.799Z[UTC]",
    "searchQuery" : "manna",
    "searchInteractionURIs" : [
    ]
  },
  {
    "platform" : "WEBPLAYER",
    "searchTime" : "2024-09-07T05:58:50.796Z[UTC]",
    "searchQuery" : "pal pal",
    "searchInteractionURIs" : [
    ]
  },
  {
    "platform" : "WEBPLAYER",
    "searchTime" : "2024-09-07T05:59:02.336Z[UTC]",
    "searchQuery" : "hum tu",
    "searchInteractionURIs" : [
    ]
  },
  {
    "platform" : "WEBPLAYER",
    "searchTime" : "2024-09-07T05:59:02.448Z[UTC]",
    "searchQuery" : "hum tu",
    "searchInteractionURIs" : [
    ]
  },
  {
    "platform" : "WEBPLAYER",
    "searchTime" : "2024-09-07T05:59:11.679Z[UTC]",
    "searchQuery" : "dil ",
    "searchInteractionURIs" : [
    ]
  },
  {
    "platform" : "WEBPLAYER",
    "searchTime" : "2024-09-07T05:59:24.443Z[UTC]",
    "searchQuery" : "moh",
    "searchInteractionURIs" : [
    ]
  },
  {
    "platform" : "WEBPLAYER",
    "searchTime" : "2024-09-07T05:59:27.588Z[UTC]",
    "searchQuery" : "mohabbat jin",
    "searchInteractionURIs" : [
    ]
  },
  {
    "platform" : "WEBPLAYER",
    "searchTime" : "2024-09-07T05:59:47.627Z[UTC]",
    "searchQuery" : "t",
    "searchInteractionURIs" : [
    ]
  },
  {
    "platform" : "WEBPLAYER",
    "searchTime" : "2024-09-07T06:00:16.033Z[UTC]",
    "searchQuery" : "pi",
    "searchInteractionURIs" : [
    ]
  },
  {
    "platform" : "WEBPLAYER",
    "searchTime" : "2024-09-07T06:00:26.614Z[UTC]",
    "searchQuery" : "salaam",
    "searchInteractionURIs" : [
    ]
  },
  {
    "platform" : "WEBPLAYER",
    "searchTime" : "2024-09-07T06:00:43.384Z[UTC]",
    "searchQuery" : "tu me",
    "searchInteractionURIs" : [
    ]
  },
  {
    "platform" : "WEBPLAYER",
    "searchTime" : "2024-09-07T06:00:44.109Z[UTC]",
    "searchQuery" : "tu meri",
    "searchInteractionURIs" : [
    ]
  },
  {
    "platform" : "WEBPLAYER",
    "searchTime" : "2024-09-07T06:00:45.035Z[UTC]",
    "searchQuery" : "tu meri d",
    "searchInteractionURIs" : [
    ]
  },
  {
    "platform" : "WEBPLAYER",
    "searchTime" : "2024-09-07T06:00:45.131Z[UTC]",
    "searchQuery" : "tu meri d",
    "searchInteractionURIs" : [
    ]
  },
  {
    "platform" : "WEBPLAYER",
    "searchTime" : "2024-09-07T06:01:13.927Z[UTC]",
    "searchQuery" : "ha",
    "searchInteractionURIs" : [
    ]
  },
  {
    "platform" : "WEBPLAYER",
    "searchTime" : "2024-09-07T06:01:26.244Z[UTC]",
    "searchQuery" : "roza",
    "searchInteractionURIs" : [
    ]
  },
  {
    "platform" : "WEBPLAYER",
    "searchTime" : "2024-09-07T06:01:27.105Z[UTC]",
    "searchQuery" : "rozana",
    "searchInteractionURIs" : [
    ]
  },
  {
    "platform" : "WEBPLAYER",
    "searchTime" : "2024-09-07T06:01:27.224Z[UTC]",
    "searchQuery" : "rozana",
    "searchInteractionURIs" : [
    ]
  },
  {
    "platform" : "WEBPLAYER",
    "searchTime" : "2024-09-07T06:01:33.377Z[UTC]",
    "searchQuery" : "tere",
    "searchInteractionURIs" : [
    ]
  },
  {
    "platform" : "WEBPLAYER",
    "searchTime" : "2024-09-07T06:01:35.993Z[UTC]",
    "searchQuery" : "tere bina",
    "searchInteractionURIs" : [
    ]
  },
  {
    "platform" : "WEBPLAYER",
    "searchTime" : "2024-09-07T06:01:37.368Z[UTC]",
    "searchQuery" : "tere bina fem",
    "searchInteractionURIs" : [
    ]
  },
  {
    "platform" : "WEBPLAYER",
    "searchTime" : "2024-09-07T06:01:47.146Z[UTC]",
    "searchQuery" : "thodi ",
    "searchInteractionURIs" : [
    ]
  },
  {
    "platform" : "WEBPLAYER",
    "searchTime" : "2024-09-07T06:01:54.302Z[UTC]",
    "searchQuery" : "thodi ",
    "searchInteractionURIs" : [
    ]
  },
  {
    "platform" : "WEBPLAYER",
    "searchTime" : "2024-09-07T06:01:56.377Z[UTC]",
    "searchQuery" : "shik",
    "searchInteractionURIs" : [
    ]
  },
  {
    "platform" : "WEBPLAYER",
    "searchTime" : "2024-09-07T06:02:16.428Z[UTC]",
    "searchQuery" : "chaudhvi sh",
    "searchInteractionURIs" : [
    ]
  },
  {
    "platform" : "WEBPLAYER",
    "searchTime" : "2024-09-07T06:03:29.110Z[UTC]",
    "searchQuery" : "tere b",
    "searchInteractionURIs" : [
    ]
  },
  {
    "platform" : "WEBPLAYER",
    "searchTime" : "2024-09-07T06:03:31.965Z[UTC]",
    "searchQuery" : "d",
    "searchInteractionURIs" : [
    ]
  },
  {
    "platform" : "WEBPLAYER",
    "searchTime" : "2024-09-07T06:03:43.740Z[UTC]",
    "searchQuery" : "lagan laag",
    "searchInteractionURIs" : [
    ]
  },
  {
    "platform" : "WEBPLAYER",
    "searchTime" : "2024-09-07T06:04:35.723Z[UTC]",
    "searchQuery" : "maine soch",
    "searchInteractionURIs" : [
    ]
  },
  {
    "platform" : "WEBPLAYER",
    "searchTime" : "2024-09-07T06:04:35.858Z[UTC]",
    "searchQuery" : "maine soch",
    "searchInteractionURIs" : [
    ]
  },
  {
    "platform" : "WEBPLAYER",
    "searchTime" : "2024-09-07T06:04:59.366Z[UTC]",
    "searchQuery" : "a",
    "searchInteractionURIs" : [
    ]
  },
  {
    "platform" : "WEBPLAYER",
    "searchTime" : "2024-09-07T06:05:39.110Z[UTC]",
    "searchQuery" : "thoda sa",
    "searchInteractionURIs" : [
    ]
  },
  {
    "platform" : "WEBPLAYER",
    "searchTime" : "2024-09-07T06:06:07.629Z[UTC]",
    "searchQuery" : "tere chehre se shreya",
    "searchInteractionURIs" : [
    ]
  },
  {
    "platform" : "WEBPLAYER",
    "searchTime" : "2024-09-07T06:06:15.471Z[UTC]",
    "searchQuery" : "tum paas",
    "searchInteractionURIs" : [
    ]
  },
  {
    "platform" : "WEBPLAYER",
    "searchTime" : "2024-09-07T06:06:16.198Z[UTC]",
    "searchQuery" : "tum paas ho ",
    "searchInteractionURIs" : [
    ]
  },
  {
    "platform" : "WEBPLAYER",
    "searchTime" : "2024-09-07T06:06:35.298Z[UTC]",
    "searchQuery" : "z",
    "searchInteractionURIs" : [
    ]
  },
  {
    "platform" : "WEBPLAYER",
    "searchTime" : "2024-09-07T06:06:36.456Z[UTC]",
    "searchQuery" : "zaman ",
    "searchInteractionURIs" : [
    ]
  },
  {
    "platform" : "WEBPLAYER",
    "searchTime" : "2024-09-07T06:06:36.568Z[UTC]",
    "searchQuery" : "zaman ",
    "searchInteractionURIs" : [
    ]
  },
  {
    "platform" : "WEBPLAYER",
    "searchTime" : "2024-09-07T06:09:23.383Z[UTC]",
    "searchQuery" : "c",
    "searchInteractionURIs" : [
    ]
  },
  {
    "platform" : "WEBPLAYER",
    "searchTime" : "2024-09-07T06:09:23.972Z[UTC]",
    "searchQuery" : "ch",
    "searchInteractionURIs" : [
    ]
  },
  {
    "platform" : "WEBPLAYER",
    "searchTime" : "2024-09-07T06:09:25.745Z[UTC]",
    "searchQuery" : "chahenge",
    "searchInteractionURIs" : [
    ]
  },
  {
    "platform" : "WEBPLAYER",
    "searchTime" : "2024-09-07T06:09:35.291Z[UTC]",
    "searchQuery" : "dr",
    "searchInteractionURIs" : [
    ]
  },
  {
    "platform" : "WEBPLAYER",
    "searchTime" : "2024-09-07T06:09:36.060Z[UTC]",
    "searchQuery" : "dram",
    "searchInteractionURIs" : [
    ]
  },
  {
    "platform" : "WEBPLAYER",
    "searchTime" : "2024-09-07T06:09:36.880Z[UTC]",
    "searchQuery" : "drama q",
    "searchInteractionURIs" : [
    ]
  },
  {
    "platform" : "WEBPLAYER",
    "searchTime" : "2024-09-07T06:10:12.547Z[UTC]",
    "searchQuery" : "har t",
    "searchInteractionURIs" : [
    ]
  },
  {
    "platform" : "WEBPLAYER",
    "searchTime" : "2024-09-07T06:10:13.483Z[UTC]",
    "searchQuery" : "har taraf",
    "searchInteractionURIs" : [
    ]
  },
  {
    "platform" : "WEBPLAYER",
    "searchTime" : "2024-09-07T06:14:52.384Z[UTC]",
    "searchQuery" : "suna suna ",
    "searchInteractionURIs" : [
    ]
  },
  {
    "platform" : "WEBPLAYER",
    "searchTime" : "2024-09-07T06:14:52.507Z[UTC]",
    "searchQuery" : "suna suna ",
    "searchInteractionURIs" : [
    ]
  },
  {
    "platform" : "WEBPLAYER",
    "searchTime" : "2024-09-07T06:15:05.218Z[UTC]",
    "searchQuery" : "suna suna des",
    "searchInteractionURIs" : [
    ]
  },
  {
    "platform" : "WEBPLAYER",
    "searchTime" : "2024-09-07T06:15:05.326Z[UTC]",
    "searchQuery" : "suna suna des",
    "searchInteractionURIs" : [
    ]
  },
  {
    "platform" : "WEBPLAYER",
    "searchTime" : "2024-09-07T06:15:05.390Z[UTC]",
    "searchQuery" : "suna suna desv",
    "searchInteractionURIs" : [
    ]
  },
  {
    "platform" : "WEBPLAYER",
    "searchTime" : "2024-09-07T06:15:05.494Z[UTC]",
    "searchQuery" : "suna suna desv",
    "searchInteractionURIs" : [
    ]
  },
  {
    "platform" : "WEBPLAYER",
    "searchTime" : "2024-09-07T06:15:08.483Z[UTC]",
    "searchQuery" : "suna suna desva ",
    "searchInteractionURIs" : [
    ]
  },
  {
    "platform" : "WEBPLAYER",
    "searchTime" : "2024-09-09T07:59:17.044Z[UTC]",
    "searchQuery" : "neele neele",
    "searchInteractionURIs" : [
    ]
  },
  {
    "platform" : "WEBPLAYER",
    "searchTime" : "2024-09-09T07:59:17.148Z[UTC]",
    "searchQuery" : "neele neele",
    "searchInteractionURIs" : [
    ]
  },
  {
    "platform" : "WEBPLAYER",
    "searchTime" : "2024-09-09T07:59:18.692Z[UTC]",
    "searchQuery" : "neele neele shre",
    "searchInteractionURIs" : [
    ]
  },
  {
    "platform" : "WEBPLAYER",
    "searchTime" : "2024-09-09T07:59:29.158Z[UTC]",
    "searchQuery" : "sidhep",
    "searchInteractionURIs" : [
    ]
  },
  {
    "platform" : "WEBPLAYER",
    "searchTime" : "2024-09-09T07:59:53.367Z[UTC]",
    "searchQuery" : "chor baz",
    "searchInteractionURIs" : [
    ]
  },
  {
    "platform" : "WEBPLAYER",
    "searchTime" : "2024-09-09T08:00:13.702Z[UTC]",
    "searchQuery" : "t",
    "searchInteractionURIs" : [
    ]
  },
  {
    "platform" : "WEBPLAYER",
    "searchTime" : "2024-09-09T08:02:03.236Z[UTC]",
    "searchQuery" : "ali zafar, ",
    "searchInteractionURIs" : [
    ]
  },
  {
    "platform" : "WEBPLAYER",
    "searchTime" : "2024-09-09T08:09:07.499Z[UTC]",
    "searchQuery" : "ku",
    "searchInteractionURIs" : [
    ]
  },
  {
    "platform" : "WEBPLAYER",
    "searchTime" : "2024-09-09T08:09:15.670Z[UTC]",
    "searchQuery" : "kuch to hua hai mer",
    "searchInteractionURIs" : [
    ]
  },
  {
    "platform" : "WEBPLAYER",
    "searchTime" : "2024-09-09T08:09:34.533Z[UTC]",
    "searchQuery" : "ish",
    "searchInteractionURIs" : [
    ]
  },
  {
    "platform" : "WEBPLAYER",
    "searchTime" : "2024-09-09T08:09:35.770Z[UTC]",
    "searchQuery" : "ishqz",
    "searchInteractionURIs" : [
    ]
  },
  {
    "platform" : "WEBPLAYER",
    "searchTime" : "2024-09-13T13:18:19.560Z[UTC]",
    "searchQuery" : "pyar mer",
    "searchInteractionURIs" : [
    ]
  },
  {
    "platform" : "WEBPLAYER",
    "searchTime" : "2024-09-13T13:18:32.889Z[UTC]",
    "searchQuery" : "nagade sa",
    "searchInteractionURIs" : [
    ]
  },
  {
    "platform" : "WEBPLAYER",
    "searchTime" : "2024-09-13T18:30:24.519Z[UTC]",
    "searchQuery" : "tere bina shreya",
    "searchInteractionURIs" : [
    ]
  },
  {
    "platform" : "WEBPLAYER",
    "searchTime" : "2024-09-13T18:30:31.606Z[UTC]",
    "searchQuery" : "doob jaana",
    "searchInteractionURIs" : [
    ]
  },
  {
    "platform" : "WEBPLAYER",
    "searchTime" : "2024-09-13T18:48:51.127Z[UTC]",
    "searchQuery" : "th",
    "searchInteractionURIs" : [
    ]
  },
  {
    "platform" : "WEBPLAYER",
    "searchTime" : "2024-09-13T18:48:51.307Z[UTC]",
    "searchQuery" : "th ",
    "searchInteractionURIs" : [
    ]
  },
  {
    "platform" : "WEBPLAYER",
    "searchTime" : "2024-09-13T18:56:25.856Z[UTC]",
    "searchQuery" : "dil ko ch",
    "searchInteractionURIs" : [
    ]
  },
  {
    "platform" : "WEBPLAYER",
    "searchTime" : "2024-09-13T19:21:22.543Z[UTC]",
    "searchQuery" : "chori chori",
    "searchInteractionURIs" : [
    ]
  },
  {
    "platform" : "WEBPLAYER",
    "searchTime" : "2024-09-14T09:50:38.133Z[UTC]",
    "searchQuery" : "do ",
    "searchInteractionURIs" : [
    ]
  },
  {
    "platform" : "WEBPLAYER",
    "searchTime" : "2024-09-16T18:41:57.286Z[UTC]",
    "searchQuery" : "dil keh ra",
    "searchInteractionURIs" : [
    ]
  },
  {
    "platform" : "WEBPLAYER",
    "searchTime" : "2024-09-16T18:42:15.029Z[UTC]",
    "searchQuery" : "tere ",
    "searchInteractionURIs" : [
    ]
  },
  {
    "platform" : "WEBPLAYER",
    "searchTime" : "2024-09-17T16:55:39.963Z[UTC]",
    "searchQuery" : "tere dil ka",
    "searchInteractionURIs" : [
    ]
  }
]