{
  "topArtists": {
    "numUniqueArtists": 497,
    "topArtists": [
      {
        "artistUri": "spotify:artist:61JrslREXq98hurYL2hYoc",
        "monthlyStreams": [
          {
            "month": 5,
            "biweeklyStreams": [
              {
                "period": 2,
                "numStreams": 181
              },
              {
                "period": 1,
                "numStreams": 85
              }
            ]
          },
          {
            "month": 10,
            "biweeklyStreams": [
              {
                "period": 1,
                "numStreams": 389
              },
              {
                "period": 2,
                "numStreams": 187
              }
            ]
          },
          {
            "month": 1,
            "biweeklyStreams": [
              {
                "period": 1,
                "numStreams": 3
              },
              {
                "period": 2,
                "numStreams": 1
              }
            ]
          },
          {
            "month": 6,
            "biweeklyStreams": [
              {
                "period": 1,
                "numStreams": 255
              },
              {
                "period": 2,
                "numStreams": 172
              }
            ]
          },
          {
            "month": 9,
            "biweeklyStreams": [
              {
                "period": 1,
                "numStreams": 311
              },
              {
                "period": 2,
                "numStreams": 406
              }
            ]
          },
          {
            "month": 2,
            "biweeklyStreams": [
              {
                "period": 2,
                "numStreams": 8
              },
              {
                "period": 1,
                "numStreams": 1
              }
            ]
          },
          {
            "month": 7,
            "biweeklyStreams": [
              {
                "period": 1,
                "numStreams": 214
              },
              {
                "period": 2,
                "numStreams": 244
              }
            ]
          },
          {
            "month": 3,
            "biweeklyStreams": [
              {
                "period": 1,
                "numStreams": 73
              },
              {
                "period": 2,
                "numStreams": 57
              }
            ]
          },
          {
            "month": 11,
            "biweeklyStreams": [
              {
                "period": 1,
                "numStreams": 7
              }
            ]
          },
          {
            "month": 8,
            "biweeklyStreams": [
              {
                "period": 1,
                "numStreams": 240
              },
              {
                "period": 2,
                "numStreams": 355
              }
            ]
          },
          {
            "month": 4,
            "biweeklyStreams": [
              {
                "period": 1,
                "numStreams": 33
              },
              {
                "period": 2,
                "numStreams": 59
              }
            ]
          }
        ]
      },
      {
        "artistUri": "spotify:artist:0gXDpqwYNDODn7fB0RDN8J",
        "monthlyStreams": [
          {
            "month": 5,
            "biweeklyStreams": [
              {
                "period": 2,
                "numStreams": 95
              },
              {
                "period": 1,
                "numStreams": 52
              }
            ]
          },
          {
            "month": 10,
            "biweeklyStreams": [
              {
                "period": 1,
                "numStreams": 600
              },
              {
                "period": 2,
                "numStreams": 160
              }
            ]
          },
          {
            "month": 1,
            "biweeklyStreams": [
              {
                "period": 2,
                "numStreams": 1
              }
            ]
          },
          {
            "month": 6,
            "biweeklyStreams": [
              {
                "period": 1,
                "numStreams": 114
              },
              {
                "period": 2,
                "numStreams": 159
              }
            ]
          },
          {
            "month": 9,
            "biweeklyStreams": [
              {
                "period": 1,
                "numStreams": 500
              },
              {
                "period": 2,
                "numStreams": 579
              }
            ]
          },
          {
            "month": 2,
            "biweeklyStreams": [
              {
                "period": 1,
                "numStreams": 1
              }
            ]
          },
          {
            "month": 7,
            "biweeklyStreams": [
              {
                "period": 1,
                "numStreams": 138
              },
              {
                "period": 2,
                "numStreams": 200
              }
            ]
          },
          {
            "month": 3,
            "biweeklyStreams": [
              {
                "period": 1,
                "numStreams": 32
              },
              {
                "period": 2,
                "numStreams": 17
              }
            ]
          },
          {
            "month": 11,
            "biweeklyStreams": [
              {
                "period": 1,
                "numStreams": 14
              }
            ]
          },
          {
            "month": 8,
            "biweeklyStreams": [
              {
                "period": 1,
                "numStreams": 218
              },
              {
                "period": 2,
                "numStreams": 429
              }
            ]
          },
          {
            "month": 4,
            "biweeklyStreams": [
              {
                "period": 1,
                "numStreams": 15
              },
              {
                "period": 2,
                "numStreams": 32
              }
            ]
          }
        ]
      },
      {
        "artistUri": "spotify:artist:5as8A4G47Ohu9NSWs3Je8U",
        "monthlyStreams": [
          {
            "month": 5,
            "biweeklyStreams": [
              {
                "period": 2,
                "numStreams": 94
              },
              {
                "period": 1,
                "numStreams": 42
              }
            ]
          },
          {
            "month": 10,
            "biweeklyStreams": [
              {
                "period": 1,
                "numStreams": 228
              },
              {
                "period": 2,
                "numStreams": 47
              }
            ]
          },
          {
            "month": 6,
            "biweeklyStreams": [
              {
                "period": 1,
                "numStreams": 98
              },
              {
                "period": 2,
                "numStreams": 133
              }
            ]
          },
          {
            "month": 9,
            "biweeklyStreams": [
              {
                "period": 1,
                "numStreams": 147
              },
              {
                "period": 2,
                "numStreams": 169
              }
            ]
          },
          {
            "month": 2,
            "biweeklyStreams": [
              {
                "period": 2,
                "numStreams": 1
              }
            ]
          },
          {
            "month": 7,
            "biweeklyStreams": [
              {
                "period": 1,
                "numStreams": 80
              },
              {
                "period": 2,
                "numStreams": 151
              }
            ]
          },
          {
            "month": 3,
            "biweeklyStreams": [
              {
                "period": 1,
                "numStreams": 10
              },
              {
                "period": 2,
                "numStreams": 17
              }
            ]
          },
          {
            "month": 11,
            "biweeklyStreams": [
              {
                "period": 1,
                "numStreams": 1
              }
            ]
          },
          {
            "month": 8,
            "biweeklyStreams": [
              {
                "period": 1,
                "numStreams": 118
              },
              {
                "period": 2,
                "numStreams": 132
              }
            ]
          },
          {
            "month": 4,
            "biweeklyStreams": [
              {
                "period": 1,
                "numStreams": 9
              },
              {
                "period": 2,
                "numStreams": 22
              }
            ]
          }
        ]
      },
      {
        "artistUri": "spotify:artist:0GF4shudTAFv8ak9eWdd4Y",
        "monthlyStreams": [
          {
            "month": 5,
            "biweeklyStreams": [
              {
                "period": 2,
                "numStreams": 93
              },
              {
                "period": 1,
                "numStreams": 42
              }
            ]
          },
          {
            "month": 10,
            "biweeklyStreams": [
              {
                "period": 1,
                "numStreams": 95
              },
              {
                "period": 2,
                "numStreams": 24
              }
            ]
          },
          {
            "month": 1,
            "biweeklyStreams": [
              {
                "period": 1,
                "numStreams": 1
              }
            ]
          },
          {
            "month": 6,
            "biweeklyStreams": [
              {
                "period": 1,
                "numStreams": 88
              },
              {
                "period": 2,
                "numStreams": 95
              }
            ]
          },
          {
            "month": 9,
            "biweeklyStreams": [
              {
                "period": 1,
                "numStreams": 64
              },
              {
                "period": 2,
                "numStreams": 62
              }
            ]
          },
          {
            "month": 7,
            "biweeklyStreams": [
              {
                "period": 1,
                "numStreams": 67
              },
              {
                "period": 2,
                "numStreams": 77
              }
            ]
          },
          {
            "month": 3,
            "biweeklyStreams": [
              {
                "period": 1,
                "numStreams": 34
              },
              {
                "period": 2,
                "numStreams": 37
              }
            ]
          },
          {
            "month": 11,
            "biweeklyStreams": [
              {
                "period": 1,
                "numStreams": 6
              }
            ]
          },
          {
            "month": 8,
            "biweeklyStreams": [
              {
                "period": 1,
                "numStreams": 47
              },
              {
                "period": 2,
                "numStreams": 54
              }
            ]
          },
          {
            "month": 4,
            "biweeklyStreams": [
              {
                "period": 1,
                "numStreams": 20
              },
              {
                "period": 2,
                "numStreams": 21
              }
            ]
          }
        ]
      },
      {
        "artistUri": "spotify:artist:4vMKEXQ4cU5hb2BL4omVrT",
        "monthlyStreams": [
          {
            "month": 5,
            "biweeklyStreams": [
              {
                "period": 2,
                "numStreams": 89
              },
              {
                "period": 1,
                "numStreams": 44
              }
            ]
          },
          {
            "month": 10,
            "biweeklyStreams": [
              {
                "period": 1,
                "numStreams": 117
              },
              {
                "period": 2,
                "numStreams": 28
              }
            ]
          },
          {
            "month": 6,
            "biweeklyStreams": [
              {
                "period": 1,
                "numStreams": 115
              },
              {
                "period": 2,
                "numStreams": 192
              }
            ]
          },
          {
            "month": 9,
            "biweeklyStreams": [
              {
                "period": 1,
                "numStreams": 90
              },
              {
                "period": 2,
                "numStreams": 117
              }
            ]
          },
          {
            "month": 7,
            "biweeklyStreams": [
              {
                "period": 1,
                "numStreams": 131
              },
              {
                "period": 2,
                "numStreams": 82
              }
            ]
          },
          {
            "month": 3,
            "biweeklyStreams": [
              {
                "period": 1,
                "numStreams": 11
              },
              {
                "period": 2,
                "numStreams": 21
              }
            ]
          },
          {
            "month": 11,
            "biweeklyStreams": [
              {
                "period": 1,
                "numStreams": 6
              }
            ]
          },
          {
            "month": 8,
            "biweeklyStreams": [
              {
                "period": 1,
                "numStreams": 112
              },
              {
                "period": 2,
                "numStreams": 127
              }
            ]
          },
          {
            "month": 4,
            "biweeklyStreams": [
              {
                "period": 1,
                "numStreams": 7
              },
              {
                "period": 2,
                "numStreams": 6
              }
            ]
          }
        ]
      }
    ],
    "topArtistMilliseconds": 759418411,
    "topArtistFanPercentage": 3.073633E-5
  },
  "topGenres": {
    "topGenres": [
      "filmi",
      "modern bollywood",
      "classic bollywood",
      "desi pop",
      "pakistani pop"
    ],
    "numberGenres": 14
  },
  "topPodcasts": {
    "topPodcastsUri": [
    ],
    "topPodcastPercentage": 0.0,
    "totalPodcastMilliseconds": 741810
  },
  "topTracks": {
    "topTracks": [
      "spotify:track:7EKfhbcWA3ncDkuRhNCaru",
      "spotify:track:6S1SCCKilMPolpABQ4HFp1",
      "spotify:track:7cxILfTKLHOKWvFj2mbRYT",
      "spotify:track:6gUWYLF4r3wUmdOQ8eymh7",
      "spotify:track:0zWmf9chxuTWOsLtFnGkyE"
    ],
    "topTrackPlayCount": 118,
    "topTrackFirstPlayedDate": "2023-06-30",
    "distinctTracksPlayed": 1045
  },
  "yearlyMetrics": {
    "totalMsListened": 2813801435,
    "mostListenedDay": "2023-09-09",
    "mostListenedDayMinutes": 689.7534,
    "percentGreaterThanWorldwideUsers": 94.915375
  },
  "darkMode": {
    "creatureOfHabit": "OBSESSIVE"
  }
}