{
  "tracks": [
    {
      "artist": "Lata Mangeshkar",
      "album": "Shabab",
      "track": "Jogan Ban Jaungi Saiyan Tore Karan",
      "uri": "spotify:track:1IcfQampj68opCnXaDtUHD"
    },
    {
      "artist": "Suresh Wadkar",
      "album": "Vivah",
      "track": "Kal Jisne Janam Yahan Paaya",
      "uri": "spotify:track:7HzYhTNFUyEqwvLEynXRgJ"
    },
    {
      "artist": "Harshdeep Kaur",
      "album": "Bang Bang",
      "track": "Uff",
      "uri": "spotify:track:27JK4mF2SMhoVyQo6SgeEA"
    },
    {
      "artist": "KK",
      "album": "Om Shanti Om",
      "track": "Ajab Si",
      "uri": "spotify:track:5FXMRdJjKq1BIX4e8Eg9mK"
    },
    {
      "artist": "Lata Mangeshkar",
      "album": "Abhimaan",
      "track": "Teri Bindiya Re",
      "uri": "spotify:track:70KrzTE7kTQ41eGHI3JON1"
    },
    {
      "artist": "Lata Mangeshkar",
      "album": "Bandini",
      "track": "Mora Gora Ang Laile",
      "uri": "spotify:track:2laourJXJDHAWQRZ7H1Co7"
    },
    {
      "artist": "Shankar Mahadevan",
      "album": "Shiv Tandav Stotram",
      "track": "Shiv Tandav Stotram",
      "uri": "spotify:track:6NFAlpTFpLrYBrsFuiloH3"
    },
    {
      "artist": "Rahat Fateh Ali Khan",
      "album": "Coke Studio Season 9: Sound of the Nation",
      "track": "Afreen Afreen",
      "uri": "spotify:track:5BIEOLyIa6lxVxe9Yv4u8G"
    },
    {
      "artist": "Mohammed Rafi",
      "album": "Chaudhvin Ka Chand",
      "track": "Chaudhvin Ka Chand Ho",
      "uri": "spotify:track:4nEKA1qrppgDexxV25EvKs"
    },
    {
      "artist": "Yo Yo Honey Singh",
      "album": "Dheere Dheere",
      "track": "Dheere Dheere",
      "uri": "spotify:track:4fyR24BKznXBLNkK8LwWla"
    },
    {
      "artist": "Johnny Flynn",
      "album": "Live at the Roundhouse",
      "track": "Detectorists (Full Studio Version)",
      "uri": "spotify:track:3mvnUHHNCak6kVh3NbXTOe"
    },
    {
      "artist": "Kumar Sanu",
      "album": "Baazigar",
      "track": "Baazigar O Baazigar",
      "uri": "spotify:track:56h75LnnsaBy4T8N8MSNgF"
    },
    {
      "artist": "Amitabh Bachchan",
      "album": "Silsila",
      "track": "Rang Barse Bheege Chunarwali",
      "uri": "spotify:track:6Y9FfWuWiaJ4pkmmM3umm2"
    },
    {
      "artist": "Rahat Fateh Ali Khan",
      "album": "Anjaana Anjaani (Original Motion Picture Soundtrack)",
      "track": "Aas Pass Hai Khuda",
      "uri": "spotify:track:0iLwN5OzrrIrzEVsVDmJTw"
    },
    {
      "artist": "Mohammed Rafi",
      "album": "Kanyadaan",
      "track": "Likhe Jo Khat Tujhe",
      "uri": "spotify:track:0es02Rp0p0WpC4WRBDtM8P"
    },
    {
      "artist": "Shravan",
      "album": "Hanuman Returns",
      "track": "Hanuman Chalisa",
      "uri": "spotify:track:66Ohdq7HQrvbvXqQzdGqvV"
    },
    {
      "artist": "Lata Mangeshkar",
      "album": "Dil Ek Mandir",
      "track": "Ham Tere Pyar Mein",
      "uri": "spotify:track:1mzOWb5F1DhMydTUNszzMm"
    },
    {
      "artist": "Jatin-Lalit",
      "album": "Mohabbatein",
      "track": "Aankhein Khuli",
      "uri": "spotify:track:16XEVyPh5NT31CAAqPbxQF"
    },
    {
      "artist": "Shankar Mahadevan",
      "album": "Dil Chahta Hai",
      "track": "Dil Chahta Hai",
      "uri": "spotify:track:2r1CHpKRDdzHGJScn5UqjX"
    },
    {
      "artist": "Lata Mangeshkar",
      "album": "Mera Saaya",
      "track": "Nainon Mein Badra Chhaye",
      "uri": "spotify:track:6YRgNx6ZouPzJcS5mSOBI5"
    },
    {
      "artist": "Lata Mangeshkar",
      "album": "Tere Ghar Ke Samne",
      "track": "Tere Ghar Ke Samne",
      "uri": "spotify:track:0ODdWvbS9CL8JiBGnIkhVo"
    },
    {
      "artist": "Pk Rajli",
      "album": "Sorry Darling",
      "track": "Sorry Darling",
      "uri": "spotify:track:21sOLAFHAJmRmB7p7eWilG"
    },
    {
      "artist": "KK",
      "album": "Rog",
      "track": "Maine Dil Se Kaha",
      "uri": "spotify:track:0dZjWF8uklfNUHiPS2vC6E"
    },
    {
      "artist": "Uttam Singh",
      "album": "Dil To Pagal Hai",
      "track": "Bholi Si Surat",
      "uri": "spotify:track:0dova5UHQl7K3VlKu1pyEQ"
    },
    {
      "artist": "Lata Mangeshkar",
      "album": "Silsila",
      "track": "Dekha Ek Khwab - With Dialogue By Amitabh",
      "uri": "spotify:track:4jjoPSZVWB6hpbL3YsIuYN"
    },
    {
      "artist": "S. P. Balasubrahmanyam",
      "album": "Maine Pyar Kiya",
      "track": "Dil Deewana",
      "uri": "spotify:track:5ym3woyJq2177LnpTUwBoy"
    },
    {
      "artist": "R. D. Burman",
      "album": "Sholay Songs And Dialogues",
      "track": "Mehbooba Mehbooba - From \"Sholay\"",
      "uri": "spotify:track:6966cgOPA1kF13BIoNXp24"
    },
    {
      "artist": "Sandesh Shandilya",
      "album": "Kabhi Khushi Kabhie Gham (Original Motion Picture Soundtrack)",
      "track": "You Are My Soniya",
      "uri": "spotify:track:6SDH3mp9sQCNJDfDDpQTTo"
    },
    {
      "artist": "Pritam",
      "album": "Crook (Original Motion Picture Soundtrack)",
      "track": "Mere Bina",
      "uri": "spotify:track:4rSmmC6OYmjVOYxr8ruVWN"
    }
  ],
  "albums": [
    {
      "artist": "Geeta Dutt",
      "album": "Bollywood Legendary Singers - Geeta Dutt, Vol.2",
      "uri": "spotify:album:0dH1lEL5hULVci0rxspYtF"
    },
    {
      "artist": "Daan Singh",
      "album": "My Love",
      "uri": "spotify:album:10Lctl1TDdMIMITm9XIhrl"
    }
  ],
  "shows": [
  ],
  "episodes": [
  ],
  "bannedTracks": [
  ],
  "artists": [
    {
      "name": "Amit Trivedi",
      "uri": "spotify:artist:7HCqGPJcQTyGJ2yqntbuyr"
    },
    {
      "name": "Arijit Singh",
      "uri": "spotify:artist:4YRxDV8wJFPHPTeXepOstw"
    },
    {
      "name": "Asha Bhosle",
      "uri": "spotify:artist:5as8A4G47Ohu9NSWs3Je8U"
    },
    {
      "name": "KK",
      "uri": "spotify:artist:4fEkbug6kZzzJ8eYX6Kbbp"
    },
    {
      "name": "Shilpa Rao",
      "uri": "spotify:artist:19LIHDDSHBD5NyYHI3gpzB"
    },
    {
      "name": "Sonu Nigam",
      "uri": "spotify:artist:1dVygo6tRFXC8CSWURQJq2"
    },
    {
      "name": "Udit Narayan",
      "uri": "spotify:artist:70B80Lwx2sxti0M1Ng9e8K"
    }
  ],
  "bannedArtists": [
  ],
  "other": [
  ]
}