{
  "stats": [
    {
      "date": "2024-06",
      "streamCount": 9,
      "secondsPlayed": 1582,
      "topTracks": [
        {
          "name": "All I Want",
          "streamCount": 1,
          "secondsPlayed": 305
        },
        {
          "name": "High Hopes",
          "streamCount": 1,
          "secondsPlayed": 230
        },
        {
          "name": "Dancing In the Dark",
          "streamCount": 1,
          "secondsPlayed": 211
        },
        {
          "name": "Brother",
          "streamCount": 1,
          "secondsPlayed": 203
        },
        {
          "name": "Night Changes",
          "streamCount": 1,
          "secondsPlayed": 186
        },
        {
          "name": "Wherever You Are",
          "streamCount": 1,
          "secondsPlayed": 185
        },
        {
          "name": "Every Breath You Take",
          "streamCount": 1,
          "secondsPlayed": 139
        },
        {
          "name": "We Will Rock You - Remastered 2011",
          "streamCount": 1,
          "secondsPlayed": 61
        },
        {
          "name": "Ready",
          "streamCount": 1,
          "secondsPlayed": 59
        }
      ],
      "topArtists": [
        {
          "name": "Kodaline",
          "streamCount": 5,
          "secondsPlayed": 982
        },
        {
          "name": "Bruce Springsteen",
          "streamCount": 1,
          "secondsPlayed": 211
        },
        {
          "name": "One Direction",
          "streamCount": 1,
          "secondsPlayed": 186
        },
        {
          "name": "The Police",
          "streamCount": 1,
          "secondsPlayed": 139
        },
        {
          "name": "Queen",
          "streamCount": 1,
          "secondsPlayed": 61
        }
      ],
      "topGenres": [
        {
          "name": "classic rock",
          "streamCount": 3,
          "secondsPlayed": 411
        },
        {
          "name": "80s rock",
          "streamCount": 3,
          "secondsPlayed": 411
        },
        {
          "name": "oldies",
          "streamCount": 3,
          "secondsPlayed": 411
        },
        {
          "name": "love song",
          "streamCount": 2,
          "secondsPlayed": 325
        },
        {
          "name": "indie folk",
          "streamCount": 1,
          "secondsPlayed": 230
        },
        {
          "name": "80s pop",
          "streamCount": 1,
          "secondsPlayed": 211
        },
        {
          "name": "retro rock",
          "streamCount": 2,
          "secondsPlayed": 200
        },
        {
          "name": "english rock",
          "streamCount": 2,
          "secondsPlayed": 200
        },
        {
          "name": "rock",
          "streamCount": 2,
          "secondsPlayed": 200
        }
      ],
      "timeOfDayStats": [
        {
          "period": "morning",
          "secondsPlayed": 1582
        }
      ]
    },
    {
      "date": "2024-05",
      "streamCount": 3,
      "secondsPlayed": 744,
      "topTracks": [
        {
          "name": "Aisi Sazaa",
          "streamCount": 3,
          "secondsPlayed": 744
        }
      ],
      "topArtists": [
        {
          "name": "Piyush Mishra",
          "streamCount": 3,
          "secondsPlayed": 744
        },
        {
          "name": "Shilpa Rao",
          "streamCount": 3,
          "secondsPlayed": 744
        }
      ],
      "topGenres": [
      ],
      "timeOfDayStats": [
        {
          "period": "morning",
          "secondsPlayed": 452
        },
        {
          "period": "early_morning",
          "secondsPlayed": 292
        }
      ]
    },
    {
      "date": "2024-04",
      "streamCount": 42,
      "secondsPlayed": 7350,
      "topTracks": [
        {
          "name": "Sakal Ban (From \"Heeramandi\") - Original",
          "streamCount": 22,
          "secondsPlayed": 3299
        },
        {
          "name": "Perfect Day",
          "streamCount": 9,
          "secondsPlayed": 1616
        },
        {
          "name": "Bipasha",
          "streamCount": 2,
          "secondsPlayed": 326
        },
        {
          "name": "Zara Zara Touch Me",
          "streamCount": 1,
          "secondsPlayed": 133
        },
        {
          "name": "Bari Lambi Judai",
          "streamCount": 1,
          "secondsPlayed": 190
        },
        {
          "name": "Halkat Jawani",
          "streamCount": 1,
          "secondsPlayed": 238
        },
        {
          "name": "Ayee Na Humara Bihar Main - Soundtrack from Khakee : The Bihar Chapter",
          "streamCount": 1,
          "secondsPlayed": 222
        },
        {
          "name": "Holi (Manganiyars &amp; Langa's Folk Song)",
          "streamCount": 1,
          "secondsPlayed": 176
        },
        {
          "name": "Jhalla Wallah",
          "streamCount": 1,
          "secondsPlayed": 574
        },
        {
          "name": "Soni De Nakhre",
          "streamCount": 1,
          "secondsPlayed": 261
        }
      ],
      "topArtists": [
        {
          "name": "Sanjay Leela Bhansali",
          "streamCount": 23,
          "secondsPlayed": 3475
        },
        {
          "name": "Raja Hasan",
          "streamCount": 22,
          "secondsPlayed": 3299
        },
        {
          "name": "Lou Reed",
          "streamCount": 9,
          "secondsPlayed": 1616
        },
        {
          "name": "Amit Trivedi",
          "streamCount": 1,
          "secondsPlayed": 574
        },
        {
          "name": "Kausar Munir",
          "streamCount": 1,
          "secondsPlayed": 574
        },
        {
          "name": "Shreya Ghoshal",
          "streamCount": 1,
          "secondsPlayed": 574
        },
        {
          "name": "Salim–Sulaiman",
          "streamCount": 3,
          "secondsPlayed": 564
        },
        {
          "name": "Sunidhi Chauhan",
          "streamCount": 2,
          "secondsPlayed": 519
        },
        {
          "name": "Pritam",
          "streamCount": 2,
          "secondsPlayed": 414
        },
        {
          "name": "Shadab Faridi",
          "streamCount": 2,
          "secondsPlayed": 326
        }
      ],
      "topGenres": [
        {
          "name": "indian classical",
          "streamCount": 3,
          "secondsPlayed": 3475
        },
        {
          "name": "fusion",
          "streamCount": 2,
          "secondsPlayed": 3299
        },
        {
          "name": "bollywood",
          "streamCount": 7,
          "secondsPlayed": 1989
        },
        {
          "name": "glam rock",
          "streamCount": 2,
          "secondsPlayed": 1616
        },
        {
          "name": "rock ballad",
          "streamCount": 2,
          "secondsPlayed": 1616
        },
        {
          "name": "easy listening",
          "streamCount": 2,
          "secondsPlayed": 1616
        },
        {
          "name": "art rock",
          "streamCount": 2,
          "secondsPlayed": 1616
        },
        {
          "name": "dance",
          "streamCount": 5,
          "secondsPlayed": 1487
        }
      ],
      "timeOfDayStats": [
        {
          "period": "afternoon",
          "secondsPlayed": 979
        },
        {
          "period": "evening",
          "secondsPlayed": 3737
        },
        {
          "period": "morning",
          "secondsPlayed": 1281
        },
        {
          "period": "early_morning",
          "secondsPlayed": 1351
        }
      ]
    },
    {
      "date": "2024-03",
      "streamCount": 1,
      "secondsPlayed": 82,
      "topTracks": [
        {
          "name": "Des Mere Des",
          "streamCount": 1,
          "secondsPlayed": 82
        }
      ],
      "topArtists": [
        {
          "name": "Sukhwinder Singh",
          "streamCount": 1,
          "secondsPlayed": 82
        },
        {
          "name": "A.R. Rahman",
          "streamCount": 1,
          "secondsPlayed": 82
        }
      ],
      "topGenres": [
      ],
      "timeOfDayStats": [
        {
          "period": "late_evening",
          "secondsPlayed": 82
        }
      ]
    },
    {
      "date": "2023-12",
      "streamCount": 643,
      "secondsPlayed": 141753,
      "topTracks": [
        {
          "name": "Halkat Jawani",
          "streamCount": 57,
          "secondsPlayed": 11884
        },
        {
          "name": "Jahan Mein Aesa Kaun Hai",
          "streamCount": 34,
          "secondsPlayed": 5482
        },
        {
          "name": "Chudi Jo Khankee - Bole Jo Koyal - Reply Version",
          "streamCount": 32,
          "secondsPlayed": 4221
        },
        {
          "name": "Zara Sunaye Haseena",
          "streamCount": 31,
          "secondsPlayed": 6005
        },
        {
          "name": "Gypsy",
          "streamCount": 27,
          "secondsPlayed": 3800
        },
        {
          "name": "Aaj Ki Raat",
          "streamCount": 22,
          "secondsPlayed": 7344
        },
        {
          "name": "Zara Zara Touch Me",
          "streamCount": 21,
          "secondsPlayed": 5639
        },
        {
          "name": "Aaja Khatam Sabr",
          "streamCount": 18,
          "secondsPlayed": 4804
        },
        {
          "name": "Sankatmochan Hanuman Ashtak",
          "streamCount": 18,
          "secondsPlayed": 6375
        },
        {
          "name": "Chhaliya",
          "streamCount": 16,
          "secondsPlayed": 4147
        }
      ],
      "topArtists": [
        {
          "name": "Sunidhi Chauhan",
          "streamCount": 168,
          "secondsPlayed": 39510
        },
        {
          "name": "Various Artists",
          "streamCount": 86,
          "secondsPlayed": 17354
        },
        {
          "name": "Salim–Sulaiman",
          "streamCount": 74,
          "secondsPlayed": 15877
        },
        {
          "name": "Pritam",
          "streamCount": 61,
          "secondsPlayed": 15334
        },
        {
          "name": "Shankar-Ehsaan-Loy",
          "streamCount": 34,
          "secondsPlayed": 11107
        },
        {
          "name": "Mohammed Rafi",
          "streamCount": 53,
          "secondsPlayed": 10803
        },
        {
          "name": "Sonu Nigam",
          "streamCount": 36,
          "secondsPlayed": 10638
        },
        {
          "name": "Vishal-Shekhar",
          "streamCount": 38,
          "secondsPlayed": 9258
        },
        {
          "name": "Alisha Chinai",
          "streamCount": 25,
          "secondsPlayed": 8662
        },
        {
          "name": "Sajid-Wajid",
          "streamCount": 37,
          "secondsPlayed": 8459
        }
      ],
      "topGenres": [
        {
          "name": "bollywood",
          "streamCount": 194,
          "secondsPlayed": 74090
        },
        {
          "name": "dance",
          "streamCount": 163,
          "secondsPlayed": 59631
        },
        {
          "name": "indian music",
          "streamCount": 138,
          "secondsPlayed": 57745
        },
        {
          "name": "ghazal",
          "streamCount": 4,
          "secondsPlayed": 5680
        },
        {
          "name": "oldies",
          "streamCount": 17,
          "secondsPlayed": 5234
        },
        {
          "name": "belly dance",
          "streamCount": 13,
          "secondsPlayed": 5184
        },
        {
          "name": "roots",
          "streamCount": 13,
          "secondsPlayed": 3607
        },
        {
          "name": "bhangra",
          "streamCount": 6,
          "secondsPlayed": 2942
        },
        {
          "name": "romantic",
          "streamCount": 11,
          "secondsPlayed": 2663
        }
      ],
      "timeOfDayStats": [
        {
          "period": "late_evening",
          "secondsPlayed": 8208863
        },
        {
          "period": "afternoon",
          "secondsPlayed": 10410803
        },
        {
          "period": "morning",
          "secondsPlayed": 6616987
        },
        {
          "period": "evening",
          "secondsPlayed": 9099506
        },
        {
          "period": "early_morning",
          "secondsPlayed": 5989022
        },
        {
          "period": "night",
          "secondsPlayed": 472511
        }
      ]
    },
    {
      "date": "2023-11",
      "streamCount": 1442,
      "secondsPlayed": 340574,
      "topTracks": [
        {
          "name": "Chase In Chinatown",
          "streamCount": 56,
          "secondsPlayed": 12289
        },
        {
          "name": "Halkat Jawani",
          "streamCount": 45,
          "secondsPlayed": 9623
        },
        {
          "name": "Mind Blowing Mahiya",
          "streamCount": 37,
          "secondsPlayed": 8312
        },
        {
          "name": "Aaj Ki Raat",
          "streamCount": 37,
          "secondsPlayed": 12208
        },
        {
          "name": "Crazy Kiya Re",
          "streamCount": 36,
          "secondsPlayed": 9736
        },
        {
          "name": "Dil Mera Muft Ka",
          "streamCount": 33,
          "secondsPlayed": 7702
        },
        {
          "name": "Saaki",
          "streamCount": 31,
          "secondsPlayed": 9391
        },
        {
          "name": "Kamli",
          "streamCount": 30,
          "secondsPlayed": 6815
        },
        {
          "name": "Jaanam",
          "streamCount": 29,
          "secondsPlayed": 5636
        },
        {
          "name": "Ek Do Teen (From \"Baaghi 2\")",
          "streamCount": 28,
          "secondsPlayed": 6276
        }
      ],
      "topArtists": [
        {
          "name": "Sunidhi Chauhan",
          "streamCount": 454,
          "secondsPlayed": 109692
        },
        {
          "name": "Pritam",
          "streamCount": 282,
          "secondsPlayed": 67696
        },
        {
          "name": "Various Artists",
          "streamCount": 280,
          "secondsPlayed": 57719
        },
        {
          "name": "Shankar-Ehsaan-Loy",
          "streamCount": 117,
          "secondsPlayed": 36270
        },
        {
          "name": "Sajid-Wajid",
          "streamCount": 122,
          "secondsPlayed": 31803
        },
        {
          "name": "Vishal-Shekhar",
          "streamCount": 126,
          "secondsPlayed": 28912
        },
        {
          "name": "Sonu Nigam",
          "streamCount": 97,
          "secondsPlayed": 28578
        },
        {
          "name": "Sukhwinder Singh",
          "streamCount": 96,
          "secondsPlayed": 25367
        },
        {
          "name": "Salim–Sulaiman",
          "streamCount": 99,
          "secondsPlayed": 24123
        },
        {
          "name": "Shreya Ghoshal",
          "streamCount": 94,
          "secondsPlayed": 23790
        }
      ],
      "topGenres": [
        {
          "name": "bollywood",
          "streamCount": 721,
          "secondsPlayed": 254408
        },
        {
          "name": "dance",
          "streamCount": 634,
          "secondsPlayed": 220508
        },
        {
          "name": "indian music",
          "streamCount": 467,
          "secondsPlayed": 170657
        },
        {
          "name": "belly dance",
          "streamCount": 74,
          "secondsPlayed": 27605
        },
        {
          "name": "roots",
          "streamCount": 61,
          "secondsPlayed": 23214
        },
        {
          "name": "oldies",
          "streamCount": 24,
          "secondsPlayed": 10358
        },
        {
          "name": "new romantic",
          "streamCount": 28,
          "secondsPlayed": 6889
        },
        {
          "name": "romantic",
          "streamCount": 23,
          "secondsPlayed": 5939
        }
      ],
      "timeOfDayStats": [
        {
          "period": "late_evening",
          "secondsPlayed": 18943530
        },
        {
          "period": "afternoon",
          "secondsPlayed": 24024930
        },
        {
          "period": "morning",
          "secondsPlayed": 15269970
        },
        {
          "period": "evening",
          "secondsPlayed": 20998860
        },
        {
          "period": "early_morning",
          "secondsPlayed": 13820820
        },
        {
          "period": "night",
          "secondsPlayed": 1090410
        }
      ]
    },
    {
      "date": "2023-10",
      "streamCount": 1677,
      "secondsPlayed": 397020,
      "topTracks": [
        {
          "name": "Mohe Panghat Pe",
          "streamCount": 71,
          "secondsPlayed": 16994
        },
        {
          "name": "Yeh Mera Prem Patra",
          "streamCount": 40,
          "secondsPlayed": 10269
        },
        {
          "name": "Hoga Tumse Pyara Kaun - From \"Zamaane Ko Dikhana Hai\"",
          "streamCount": 35,
          "secondsPlayed": 9499
        },
        {
          "name": "Husnwale Tera Jawab Nahin",
          "streamCount": 27,
          "secondsPlayed": 7278
        },
        {
          "name": "Zara Sunaye Haseena",
          "streamCount": 23,
          "secondsPlayed": 4479
        },
        {
          "name": "Teri Pyari Pyari Soorat Ko",
          "streamCount": 20,
          "secondsPlayed": 5805
        },
        {
          "name": "Aane Se Uske Aaye Bahar - Slow",
          "streamCount": 20,
          "secondsPlayed": 4126
        },
        {
          "name": "Aye Kaash Kisi Diwane Ko",
          "streamCount": 19,
          "secondsPlayed": 5483
        },
        {
          "name": "Sankatmochan Hanuman Ashtak",
          "streamCount": 18,
          "secondsPlayed": 5933
        },
        {
          "name": "Lamberghini",
          "streamCount": 17,
          "secondsPlayed": 3086
        }
      ],
      "topArtists": [
        {
          "name": "Mohammed Rafi",
          "streamCount": 760,
          "secondsPlayed": 175516
        },
        {
          "name": "Lata Mangeshkar",
          "streamCount": 576,
          "secondsPlayed": 135936
        },
        {
          "name": "Asha Bhosle",
          "streamCount": 275,
          "secondsPlayed": 66732
        },
        {
          "name": "Shankar Jaikishan",
          "streamCount": 208,
          "secondsPlayed": 48447
        },
        {
          "name": "Ravi",
          "streamCount": 218,
          "secondsPlayed": 47500
        },
        {
          "name": "Various Artists",
          "streamCount": 167,
          "secondsPlayed": 43602
        },
        {
          "name": "Laxmikant–Pyarelal",
          "streamCount": 141,
          "secondsPlayed": 37256
        },
        {
          "name": "S. D. Burman",
          "streamCount": 148,
          "secondsPlayed": 34261
        },
        {
          "name": "R. D. Burman",
          "streamCount": 120,
          "secondsPlayed": 33798
        },
        {
          "name": "Kishore Kumar",
          "streamCount": 119,
          "secondsPlayed": 30907
        }
      ],
      "topGenres": [
        {
          "name": "oldies",
          "streamCount": 457,
          "secondsPlayed": 148733
        },
        {
          "name": "golden oldies",
          "streamCount": 303,
          "secondsPlayed": 96294
        },
        {
          "name": "romantic",
          "streamCount": 88,
          "secondsPlayed": 27520
        },
        {
          "name": "classic dance",
          "streamCount": 3,
          "secondsPlayed": 16994
        },
        {
          "name": "ghazal",
          "streamCount": 45,
          "secondsPlayed": 13604
        },
        {
          "name": "classic oldies",
          "streamCount": 36,
          "secondsPlayed": 10531
        },
        {
          "name": "qawwali",
          "streamCount": 21,
          "secondsPlayed": 8352
        }
      ],
      "timeOfDayStats": [
        {
          "period": "late_evening",
          "secondsPlayed": 18943530
        },
        {
          "period": "afternoon",
          "secondsPlayed": 24024930
        },
        {
          "period": "morning",
          "secondsPlayed": 15269970
        },
        {
          "period": "evening",
          "secondsPlayed": 20998860
        },
        {
          "period": "early_morning",
          "secondsPlayed": 13820820
        },
        {
          "period": "night",
          "secondsPlayed": 1090410
        }
      ]
    }
  ],
  "highlights": [
    {
      "date": "2024-09-22",
      "highlightType": "ON_THIS_PERIOD",
      "onThisPeriodHighlight": {
        "entity": "Tum Sab Ko Chhod Kar",
        "nostalgiaPeriod": "YEAR",
        "nostalgiaUnitsAgo": 1
      }
    },
    {
      "date": "2024-09-15",
      "highlightType": "TOP_LISTENER",
      "topListenerHighlight": {
        "entity": "Shreya Ghoshal",
        "topPercentile": 0.025069118246658587
      }
    },
    {
      "date": "2024-09-08",
      "highlightType": "ON_THIS_PERIOD",
      "onThisPeriodHighlight": {
        "entity": "Dum Dum Diga Diga",
        "nostalgiaPeriod": "YEAR",
        "nostalgiaUnitsAgo": 1
      }
    },
    {
      "date": "2024-08-18",
      "highlightType": "ON_THIS_PERIOD",
      "onThisPeriodHighlight": {
        "entity": "Ramchandra Kah Gaye",
        "nostalgiaPeriod": "YEAR",
        "nostalgiaUnitsAgo": 1
      }
    },
    {
      "date": "2024-06-10",
      "highlightType": "ON_THIS_PERIOD",
      "onThisPeriodHighlight": {
        "entity": "Bol Kaffara Kya Hoga",
        "nostalgiaPeriod": "YEAR",
        "nostalgiaUnitsAgo": 1
      }
    },
    {
      "date": "2024-06-03",
      "highlightType": "ON_THIS_PERIOD",
      "onThisPeriodHighlight": {
        "entity": "Bol Kaffara Kya Hoga",
        "nostalgiaPeriod": "YEAR",
        "nostalgiaUnitsAgo": 1
      }
    },
    {
      "date": "2024-05-27",
      "highlightType": "TOP_LISTENER",
      "topListenerHighlight": {
        "entity": "Shilpa Rao",
        "topPercentile": 0.09569973877521491
      }
    },
    {
      "date": "2024-05",
      "highlightType": "TOP_LISTENER",
      "topListenerHighlight": {
        "entity": "Aisi Sazaa",
        "topPercentile": 0.10313531353135313
      }
    },
    {
      "date": "2024-04-22",
      "highlightType": "TOP_LISTENER",
      "topListenerHighlight": {
        "entity": "Perfect Day",
        "topPercentile": 0.006887705838457192
      }
    },
    {
      "date": "2024-04-08",
      "highlightType": "TOP_LISTENER",
      "topListenerHighlight": {
        "entity": "Sanjay Leela Bhansali",
        "topPercentile": 0.002629958220283969
      }
    },
    {
      "date": "2024-04",
      "highlightType": "PROPORTION_LISTENING_ENTITY",
      "proportionListeningHighlight": {
        "entity": "Raja Hasan",
        "listeningPercentage": 44.8843537414966
      }
    }
  ]
}